Date,Media Sources,Neutral,Positive,Text,Tweet Polarity,Tweets Ago
09/18/2017,BBC News (UK),0.769,0.0,"Nerf guns can lead to serious eye injuries, doctors warn https://t.co/n9shn7dm6w",-0.1779,100
09/18/2017,BBC News (UK),0.652,0.0,Housing money wasted 'propping up rents' https://t.co/WyWfkcdLQ5,-0.4939,99
09/18/2017,BBC News (UK),0.738,0.0,Strictly Come Dancing: Judge Rinder rejects same-sex dance pairings https://t.co/EmB7V2GVBx,-0.4939,98
09/18/2017,BBC News (UK),0.745,0.0,Fire crews tackle White Hart Lane blaze https://t.co/zY5UEafYZv,-0.34,97
09/18/2017,BBC News (UK),1.0,0.0,UK 'biggest audience' in Europe for jihadist web content https://t.co/wDNtHzktyV,0.0,96
09/18/2017,BBC News (UK),1.0,0.0,Scottish and Welsh plans to amend Brexit bill to be outlined https://t.co/o1WwURVKzP,0.0,95
09/18/2017,BBC News (UK),0.403,0.0,Rochdale Council's child abuse failings 'unforgiveable' https://t.co/K6Ty5LldVK,-0.8126,94
09/18/2017,BBC News (UK),0.752,0.248,"Tuesday's Sun: ""Facebook bans our heroes"" https://t.co/cx4HXyhzus #BBCPapers #tomorrowspaperstoday (via @AllieHBNews)",0.5106,93
09/18/2017,BBC News (UK),0.69,0.0,"Tuesday's Times: ""Climate change disaster can be averted, say experts"" https://t.co/olbnFoKTQ8 #BBCPapers (via @AllieHBNews)",-0.6597,92
09/18/2017,BBC News (UK),1.0,0.0,"Tuesday's Mirror: ""The shaming of Ryanair"" https://t.co/4kHVXwh6uN #BBCPapers #tomorrowspaperstoday (via @AllieHBNews)",0.0,91
09/18/2017,BBC News (UK),1.0,0.0,"Tuesday's Express: ""May: I'm driving Britain out of EU"" https://t.co/9YaQCxvWgJ #BBCPapers (via @AllieHBNews)",0.0,90
09/18/2017,BBC News (UK),1.0,0.0,"Tuesday's Star: ""Rooney just one pint from jail"" https://t.co/D7fsoBepef #BBCPapers #tomorrowspaperstoday (via @AllieHBNews)",0.0,89
09/18/2017,BBC News (UK),1.0,0.0,"Tuesday's FT: ""May issues rebuke to Johnson and tightens grip on Brexit talks"" https://t.co/cBitQ0ct5u #BBCPapers (via @AllieHBNews)",0.0,88
09/18/2017,BBC News (UK),1.0,0.0,"Tuesday's i: ""May vs Boris: PM takes back control"" https://t.co/dqkie9cxyx #BBCPapers #tomorrowspaperstoday (via @AllieHBNews)",0.0,87
09/18/2017,BBC News (UK),1.0,0.0,"Tuesday's Metro: ""It's a flight old mess!""https://t.co/R8fD5kZdFN #BBCPapers #tomorrowspaperstoday (via @AllieHBNews)",0.0,86
09/18/2017,BBC News (UK),0.649,0.0,"RT @BBCSport: ""I could feel the vibrations go through my body.""

Adam Hollioake was caught up in a suicide bomb attack.

Read more https://‚Ä¶",-0.8957,85
09/18/2017,BBC News (UK),0.877,0.0,RT @bbcweather: Another chilly one tonight with low single figures in some rural spots. Nick https://t.co/XkF3k3TC7w,-0.2732,84
09/18/2017,BBC News (UK),0.803,0.106,RT @BBCPanorama: These woman paid $25k to be smuggled to Europe. Watch to find out how they keep their money safe from robbers #bbcpanorama‚Ä¶,0.1027,83
09/18/2017,BBC News (UK),1.0,0.0,"Now on @BBCOne. 

@BBCPanorama on Africa's migrant trade https://t.co/sDYZCznTHP",0.0,82
09/18/2017,BBC News (UK),0.455,0.0,"Police arrest ""road rage"" swan üöî

https://t.co/xlQ4zLUpnP https://t.co/ezoTd5spZz",-0.7184,81
09/18/2017,BBC News (UK),0.678,0.0,RT @BBCNewsbeat: A Narcos location scout has been killed in central Mexico. Just how dangerous is it there? https://t.co/VHxaz3pYbq,-0.8225,80
09/18/2017,BBC News (UK),0.786,0.147,"RT @BBCJLandale: Boris pool interview: 
""Do you enjoy being Foreign Secretary?"" 
""Of course.""
""Are you going to miss it?""
""(laughs nervousl‚Ä¶",0.4515,79
09/18/2017,BBC News (UK),1.0,0.0,Ryanair to publish full list of cancellations https://t.co/uJxdsDsZHG,0.0,78
09/18/2017,BBC News (UK),1.0,0.0,Cyclist Mark Beaumont breaks around the world record https://t.co/GZJXL4onnu,0.0,77
09/18/2017,BBC News (UK),1.0,0.0,"""The UK government is driven from the front"" - Theresa May on claims Boris Johnson is ""back-seat driving"" on‚Ä¶ https://t.co/y0MM4rT6jS",0.0,76
09/18/2017,BBC News (UK),0.701,0.299,"RT @BBCNewsbeat: James ""Flex"" Lewis has matched Arnold Schwarzenegger's record of winning six #MrOlympia prizes. 
üí™üèΩüí™üèΩüí™üèΩüí™üèΩüí™üèΩ https://t.co/g‚Ä¶",0.7506,75
09/18/2017,BBC News (UK),0.84,0.0,Mark Carney says rate rises will be gradual and limited https://t.co/RE6Y1hIud1,-0.2263,74
09/18/2017,BBC News (UK),0.571,0.0,Driver charged over Edinburgh hospital bus crash https://t.co/3YiHdPltZM,-0.5423,73
09/18/2017,BBC News (UK),0.529,0.106,Rough sleeper 'set on fire and killed' in Tunbridge Wells car park https://t.co/yTbQ957vEt,-0.7096,72
09/18/2017,BBC News (UK),1.0,0.0,Theresa May 'driving from front' on Brexit after Boris Johnson row https://t.co/U8XhyenJ9C,0.0,71
09/18/2017,BBC News (UK),0.538,0.398,"""Yes it was short notice, yes it was unexpected and for that I sincerely apologise"" - @ryanair CEO on cancelling up‚Ä¶ https://t.co/BnakN4xXx5",0.8519,70
09/18/2017,BBC News (UK),0.75,0.13,"""What we have messed up is the allocation of holidays"" - @ryanair's Michael O'Leary on flight cancellations‚Ä¶ https://t.co/EuYEjsoR62",0.0516,69
09/18/2017,BBC News (UK),0.821,0.072,"RT @BBCNewsNI: Irishman Ibrahim Halawa cleared of charges in Egypt, after spending four years in jail 
 https://t.co/yoE2EsjZUF https://t.c‚Ä¶",-0.1779,68
09/18/2017,BBC News (UK),0.333,0.22,NHS trust pleads guilty over teen's death https://t.co/Eo9vPBh5W9,-0.5267,67
09/18/2017,BBC News (UK),0.872,0.0,"""He was quite quiet"" - owner of Hounslow takeaway where Parsons Green suspect Yahyah Farroukh works‚Ä¶ https://t.co/HrqIsWUjRm",-0.296,66
09/18/2017,BBC News (UK),0.69,0.0,"Husband of Kim Briggs calls for ""death by dangerous cycling"" law, as Charlie Alliston sentenced to 18 months in jai‚Ä¶ https://t.co/xVV5KCVuRO",-0.7964,65
09/18/2017,BBC News (UK),1.0,0.0,PM @theresa_may's visit comes ahead of a deal between Canada and the EU https://t.co/axw2O2ji4B,0.0,64
09/18/2017,BBC News (UK),0.846,0.0,"RT @VictoriaLIVE: Animals are 'suffering and dying' while in transit across Europe, amid a booming livestock trade.

More: https://t.co/u4S‚Ä¶",-0.4767,63
09/18/2017,BBC News (UK),0.714,0.0,Pawel Zietowski jailed for M6 selfie and wheelies https://t.co/fB7SKIcm1i,-0.4939,62
09/18/2017,BBC News (UK),0.761,0.0,Brexit: Oliver Robbins moves to No 10 https://t.co/b0yCaiqBcg,-0.296,61
09/18/2017,BBC News (UK),0.62,0.256,RT @BBCTech: Uber sorry for 'Wife Appreciation Day' promotion https://t.co/nV9U8OCCbz,0.4033,60
09/18/2017,BBC News (UK),0.821,0.179,Brexit: UK sets out details of proposed new EU security deal https://t.co/oMkKKCHF8l,0.34,59
09/18/2017,BBC News (UK),1.0,0.0,"RT @bbclaurak: ""the thing you have to understand about him, is that he wants to be loved."" https://t.co/DCZV5Egsmu",0.0,58
09/18/2017,BBC News (UK),0.36,0.0,Cyclist jailed over pedestrian death https://t.co/BiCkcUYsM9,-0.7964,57
09/18/2017,BBC News (UK),0.795,0.0,"Parsons Green Tube attack: Footage of a person leaving a property with Lidl bag 
https://t.co/MdNZfn6fhW",-0.4767,56
09/18/2017,BBC News (UK),0.741,0.0,Why teaching is causing stress and sleepless nights https://t.co/I5rXDIcSUT,-0.4215,55
09/18/2017,BBC News (UK),0.714,0.204,RT @BBC_HaveYourSay: Has your important flight been affected due to #Ryanair cancellations?  Share your stories https://t.co/cNFicwIYSb htt‚Ä¶,0.34,54
09/18/2017,BBC News (UK),0.718,0.282,"""Boris Johnson is united behind government's plan for Brexit, @theresa_may values his contribution"" - PM spokeswoman https://t.co/Y277C76y1a",0.6705,53
09/18/2017,BBC News (UK),1.0,0.0,Paddy Power offers 66/1 on Ugo Ehiogu replacing Redknapp https://t.co/4SkUOtKWEn,0.0,52
09/18/2017,BBC News (UK),0.547,0.0,"Boy, seven, killed after cars collide in Wirral https://t.co/QPevmOmaHT",-0.7003,51
09/18/2017,BBC News (UK),1.0,0.0,Africa's migrant trade: @BBCPanorama reveals the extraordinary scale of people-smuggling across sub-Saharan Africa‚Ä¶ https://t.co/Y7HEZ3e8Ls,0.0,50
09/18/2017,BBC News (UK),0.847,0.0,"RT @BBCBreaking: Wayne Rooney given two-year driving ban, and community order for 12 months with 100 hours of unpaid work https://t.co/s0za‚Ä¶",-0.5574,49
09/18/2017,BBC News (UK),0.811,0.0,RT @BBCBreaking: Former England footballer Wayne Rooney pleads guilty to drink-driving charge https://t.co/cnKysms8iJ,-0.4215,48
09/18/2017,BBC News (UK),0.726,0.0,"RT @bbc5live: ""Day after day after day, it does get to you""

#GE2017 was the 'worst ever' for politician abuse according to a 5 live survey‚Ä¶",-0.8519,47
09/18/2017,BBC News (UK),0.682,0.0,Ryanair under pressure to publish full list of cancelled flights https://t.co/NT7A9v74X6,-0.4939,46
09/18/2017,BBC News (UK),0.882,0.0,".@Ryanair has only published a list of affected flights up until this Wednesday
https://t.co/dtl4O50he0",-0.1531,45
09/18/2017,BBC News (UK),0.846,0.0,"RT @VictoriaLIVE: Animals are 'suffering and dying' while in transit across Europe, amid a booming livestock trade.

More: https://t.co/u4S‚Ä¶",-0.4767,44
09/18/2017,BBC News (UK),0.734,0.266,RT @BBCTech: Staying safe online at 'big school' https://t.co/BOIUt2sbkj,0.4404,43
09/18/2017,BBC News (UK),1.0,0.0,PwC reveals black and Asian workers are paid 13% less https://t.co/s7RWiQftLX,0.0,42
09/18/2017,BBC News (UK),1.0,0.0,Banksy: New murals pop up in central London https://t.co/4KA2VkbUG6,0.0,41
09/18/2017,BBC News (UK),1.0,0.0,The new Banksy works appear in a tunnel near the Barbican Centre https://t.co/d0Gu0YAukB,0.0,40
09/18/2017,BBC News (UK),0.923,0.0,"RT @BBCBusiness: On #BBCBizLive: As Ryanair continues to cancel 40-50 flights per day, are you put you off flying with them or is the price‚Ä¶",-0.25,39
09/18/2017,BBC News (UK),0.798,0.0,Here's your morning news briefing: Tube bombing suspects questioned and Police ‚Äòmay work with paedophile hunters‚Äô https://t.co/ePgYnrcDxB,-0.4215,38
09/18/2017,BBC News (UK),1.0,0.0,Tim Farron: Tories 'breaking Britain over immigration' https://t.co/zsRMc6vYX1,0.0,37
09/18/2017,BBC News (UK),1.0,0.0,Theresa May visits Canada for post-Brexit trade talks https://t.co/UTmZDAMoDs,0.0,36
09/18/2017,BBC News (UK),0.549,0.451,"RT @BBCWorld: The #Emmys2017 for 'Best Outstanding Drama' goes to... 

https://t.co/Zan61HZg8E https://t.co/VjGzFeiQq3",0.8481,35
09/18/2017,BBC News (UK),0.602,0.398,"RT @BBCBreaking: Dystopian drama The Handmaid's Tale takes main Emmy award for best drama series, with Elisabeth Moss best actress https://‚Ä¶",0.9169,34
09/18/2017,BBC News (UK),0.583,0.158,Have you got the wrong impression about schizophrenia? https://t.co/ceyhMEZieS,-0.296,33
09/18/2017,BBC News (UK),0.479,0.219,'Kinder treatments in pipeline' for child brain cancer https://t.co/ODfK8OCbvF,-0.296,32
09/18/2017,BBC News (UK),0.462,0.0,Parsons Green Tube bomb: Police still questioning suspects https://t.co/Xzeu746U4d,-0.7184,31
09/18/2017,BBC News (UK),1.0,0.0,"RT @BBCNewsAsia: About last night... https://t.co/FrFUvW4PpS

üçæ @LewisHamilton

#SingaporeGP 
#f1nightrace 
#F1
#F1Singapore https://t.co/V‚Ä¶",0.0,30
09/18/2017,BBC News (UK),1.0,0.0,Police 'may work with paedophile hunters' https://t.co/wD6hGnoJ22,0.0,29
09/18/2017,BBC News (UK),0.741,0.0,Job stress is 'overwhelming' teachers across the UK https://t.co/Ev1ncDl1Fl,-0.4215,28
09/18/2017,BBC News (UK),1.0,0.0,Wayne Rooney due in court on drink-driving charge https://t.co/CQKBQxJDEY,0.0,27
09/17/2017,BBC News (UK),0.748,0.0,M5 reopens following four deaths in lorry crash https://t.co/rK9M9UPlrz,-0.4019,26
09/17/2017,BBC News (UK),0.645,0.0,"Dame Tessa Jowell has brain cancer, family says https://t.co/Q5TF1p4n4w",-0.6597,25
09/17/2017,BBC News (UK),0.447,0.275,"RT @BBCSport: The 'curse of Mayo' strikes.

Mayo lose an 11th straight All-Ireland Football Championship final.

Joy for Dublin.

https://t‚Ä¶",-0.0258,24
09/17/2017,BBC News (UK),0.761,0.0,Brexit: Boris Johnson accused of 'misusing' statistics https://t.co/QvqCcWfWZ4,-0.296,23
09/17/2017,BBC News (UK),0.841,0.0,RT @BBCScotlandNews: Eight people hurt after bus crashes into overhead walkway at the Western General Hospital in Edinburgh https://t.co/C5‚Ä¶,-0.5267,22
09/17/2017,BBC News (UK),0.769,0.0,Five injured after bus hits walkway at Edinburgh hospital https://t.co/VLYI1EPESl,-0.4019,21
09/17/2017,BBC News (UK),1.0,0.0,Residents evacuated from Lee homes in 'chemical incident' https://t.co/Ytr65Fzhrx,0.0,20
09/17/2017,BBC News (UK),1.0,0.0,RT @ChrisMasonBBC: Brexit and Boris Johnson. My analysis @BBCNews @BBCPolitics: https://t.co/n4RxCCaAAO,0.0,19
09/17/2017,BBC News (UK),1.0,0.0,RT @BBCLondonNews: Residents evacuated from Lee homes in 'chemical incident' https://t.co/UfAmTmnLry https://t.co/CE49HwBDEh,0.0,18
09/17/2017,BBC News (UK),1.0,0.0,Chelsea 0-0 Arsenal https://t.co/JcWz4GwwYI,0.0,17
09/17/2017,BBC News (UK),0.522,0.276,Lewis Hamilton wins in Singapore after Ferrari crash https://t.co/eTRWANmecR,0.25,16
09/17/2017,BBC News (UK),1.0,0.0,RT @BBCLondonNews: Grenfell Tower: A fireman's memories in poetry https://t.co/iBHiEfPULP https://t.co/F08731AZ6j,0.0,15
09/17/2017,BBC News (UK),0.609,0.0,RT @BBCBreaking: UK terror threat level lowered to severe after being raised to highest level following Tube bombing - Home Secretary https‚Ä¶,-0.872,14
09/17/2017,BBC News (UK),1.0,0.0,Mr Olympia bodybuilder 'Flex' Lewis matches Arnie's record https://t.co/pfz2VgoGlJ,0.0,13
09/17/2017,BBC News (UK),0.5,0.0,Rashan Charles death: Police officer 'should be suspended' https://t.co/q6repoxT5x,-0.7906,12
09/17/2017,BBC News (UK),0.745,0.0,"RT @BBCDomC: Parsons Green terror attack: Police cordon in Sunbury on Thames, partially lifted. House being searched still behind big barri‚Ä¶",-0.7579,11
09/17/2017,BBC News (UK),0.734,0.0,"RT @BBCSport: It's chaos on the opening lap!

üëâ https://t.co/rBochQx5Pa #bbcf1 #SingaporeGP https://t.co/GWRZsacJYz",-0.6114,10
09/17/2017,BBC News (UK),0.824,0.0,RT @BBCEngland: A baby boy has been found abandoned in an east London park https://t.co/fAMPkhWlQv https://t.co/tDCpPLj4tK,-0.4588,9
09/17/2017,BBC News (UK),0.887,0.113,"RT @bbcweather: Monday: Sunny spells and showers - most of the showers will be across England, Wales and E Scotland. Breezy down the east c‚Ä¶",0.4215,8
09/17/2017,BBC News (UK),1.0,0.0,Vince Cable: I could become prime minister https://t.co/R6ewnCsNIW,0.0,7
09/17/2017,BBC News (UK),0.431,0.0,Meningitis risk: Bereaved Omagh mum warns teenagers https://t.co/ANwvVpp67f,-0.6808,6
09/17/2017,BBC News (UK),1.0,0.0,Majority of Scots say they are 'not religious' https://t.co/RLVNenJMG4,0.0,5
09/17/2017,BBC News (UK),0.609,0.226,Ryanair cancels flights after 'messing up' pilot holidays https://t.co/PFp5gsnDBV,0.1779,4
09/17/2017,BBC News (UK),1.0,0.0,"Live updates on the Parsons Green blast investigation 

https://t.co/ZDRX8ojJ1i https://t.co/xKBnBFZtRf",0.0,3
09/17/2017,BBC News (UK),0.833,0.167,"RT @daily_politics: Boris Johnson's article was ""exuberant and written in classic Boris style"" says @DamianGreen adding ""he is an optimist""‚Ä¶",0.5859,2
09/17/2017,BBC News (UK),0.849,0.151,RT @BBCEngland: An agriculture engineer asks for his girlfriend's hand in marriage by ploughing his proposal into a field üíç https://t.co/SD‚Ä¶,0.4939,1
09/19/2017,CBS News,0.823,0.0,A Georgia Tech student was shot dead over the weekend and now his family asks police why they used deadly force‚Ä¶ https://t.co/HqXutRwxip,-0.6486,100
09/19/2017,CBS News,0.67,0.258,Los Angeles residents demand state to help clean up soil contaminated with lead and other toxins‚Ä¶ https://t.co/7pNjnq5xhz,0.5994,99
09/19/2017,CBS News,1.0,0.0,"Merriam-Webster has added over 250 new words and definitions, including ""alt-right"" and ""sriracha""‚Ä¶ https://t.co/uqZAjdFL02",0.0,98
09/19/2017,CBS News,1.0,0.0,"NEW: Hurricane Maria has intensified to a Category 5 storm with 160 mph winds, according to @NHC_Atlantic.‚Ä¶ https://t.co/cQUJtNvalp",0.0,97
09/18/2017,CBS News,1.0,0.0,"JUST IN: Hurricane Maria becomes Category 5 storm as it nears the island of Dominica, @NHC_Atlantic says.",0.0,96
09/18/2017,CBS News,0.878,0.122,"Inspired by the military parade he saw in France on Bastille Day, Pres. Trump said he wants to have one on July 4th‚Ä¶ https://t.co/x27VrVRVyz",0.4939,95
09/18/2017,CBS News,0.895,0.0,"After years of decline, global hunger is on the rise again, according to a new report from @WHO‚Ä¶ https://t.co/a1pJx6YX3Y",-0.25,94
09/18/2017,CBS News,1.0,0.0,"Pediatricians weighed in today on tattoos. Their message to kids"" ""think before you ink."" @DrLaPook has more. https://t.co/KWER7krYVR",0.0,93
09/18/2017,CBS News,0.844,0.0,An investigation is underway in the fatal shooting of a Georgia Tech student over the weekend by campus police. Mar‚Ä¶ https://t.co/NddJfN9KWx,-0.5423,92
09/18/2017,CBS News,0.909,0.0,.@NancyPelosi was shouted down by dozens of protesters as she held a news conference in San Francisco to urge passa‚Ä¶ https://t.co/lRPQYLYZYG,-0.2263,91
09/18/2017,CBS News,1.0,0.0,.@jeffpeguescbs spoke with a journalist who once worked for a website at the center of allegations of Russian meddl‚Ä¶ https://t.co/vnrcsnYbe6,0.0,90
09/18/2017,CBS News,1.0,0.0,Russia's military made a dramatic show of force today with its biggest training maneuvers in years. @elizapalmer ha‚Ä¶ https://t.co/Im5oRIx4ir,0.0,89
09/18/2017,CBS News,0.859,0.0,Critically ill patients in St. Thomas are being airlifted out of Hurricane Maria's path after Irma devastation.‚Ä¶ https://t.co/FAQaGqQi0K,-0.4215,88
09/18/2017,CBS News,1.0,0.0,Hurricane Maria is a Category 4 storm and it's spinning toward the Caribbean islands. @ericfisher has more in his f‚Ä¶ https://t.co/KWrlDFi1KV,0.0,87
09/18/2017,CBS News,1.0,0.0,".@elizapalmer has a front row seat of some of the largest military exercises in Russia in years, coming up on‚Ä¶ https://t.co/wuDt4Dcgjj",0.0,86
09/18/2017,CBS News,0.86,0.14,"NEW: Trump attorney Michael Cohen will be testifying behind closed doors Tuesday before the Senate Intelligence Committee, CBS News confirms",0.4767,85
09/18/2017,CBS News,1.0,0.0,"RT @CBSEveningNews: Here's a look at what's coming up #tonight on the #CBSEveningNews. @AnthonyMasonCBS is at our anchor desk. 

Tune in. h‚Ä¶",0.0,84
09/18/2017,CBS News,0.905,0.0,TONIGHT on @CBSEveningNews: @CharlieCBS is at the suspected London bomber's home where we‚Äôll learn more about his f‚Ä¶ https://t.co/xQcFxHMKIG,-0.2263,83
09/18/2017,CBS News,0.888,0.0,"DNA, a tipster, and a written confession led to arrest in '92 cold case slaying of Mass. teacher's aide Lisa Zieger‚Ä¶ https://t.co/6uYJEeT9Dh",-0.34,82
09/18/2017,CBS News,1.0,0.0,"RT @DavidBegnaud: Leaving St. Thomas for Puerto Rico; Many are staying. Again. Maria is coming. Some of the people who got out, on tonight'‚Ä¶",0.0,81
09/18/2017,CBS News,0.885,0.115,"Shares of large toy manufacturers fell after reports that Toys ""R"" Us is set to declare bankruptcy‚Ä¶ https://t.co/i3u9T6UTl9",0.296,80
09/18/2017,CBS News,0.841,0.0,"NEW: Hurricane Maria becomes ""an extremely dangerous"" Category 4 storm, NHC says. Eye is expected to pass near Domi‚Ä¶ https://t.co/VAJN0e6NkM",-0.5256,79
09/18/2017,CBS News,0.834,0.166,".@dallascowboys not only are the NFL's most valuable franchise, they are the top-valued team in the world‚Ä¶ https://t.co/RDviWUXJT3",0.5256,78
09/18/2017,CBS News,0.903,0.097,"Defense Secretary James Mattis says more than 3,000 additional troops will deploy to Afghanistan‚Ä¶ https://t.co/Y5any2QsNd",0.128,77
09/18/2017,CBS News,0.865,0.0,"Sean Spicer says he ""absolutely"" regrets saying that Pres. Trump had largest inauguration crowd in history‚Ä¶ https://t.co/q49ZVhT95S",-0.3612,76
09/18/2017,CBS News,1.0,0.0,"Hurricane Maria, now a Category 3 storm, heads on path toward islands wrecked by Irma and then on to Puerto Rico‚Ä¶ https://t.co/5AeW21ydJz",0.0,75
09/18/2017,CBS News,0.575,0.119,The Cincinnati Zoo welcomes a new gorilla to their exhibit ‚Äî one year after Harambe's tragic death. https://t.co/eOLomEJOlI,-0.6369,74
09/18/2017,CBS News,0.798,0.202,"President Macron, in spirit of camaraderie, tells Pres. Trump ""our people"" were proud to have him and his wife visi‚Ä¶ https://t.co/h90rNmom52",0.5859,73
09/18/2017,CBS News,0.833,0.167,"Pres. Trump said he's considering having a parade down Pennsylvania Avenue to show off ""military strength"" similar‚Ä¶ https://t.co/xHB0kBRMy7",0.4939,72
09/18/2017,CBS News,0.823,0.177,NOW: Pres. Trump meets with French President Emmanuel Macron at the United Nations https://t.co/G3yp74iMrh,0.4215,71
09/18/2017,CBS News,0.87,0.13,"Russia probe creates strife between White House counsel and Trump attorneys, report says https://t.co/hNirl42nYU https://t.co/ByYCRcLCSx",0.2732,70
09/18/2017,CBS News,1.0,0.0,"Day before gubernatorial debate, poll finds Republican Ed Gillespie &amp; Democrat Ralph Northam are tied in Virginia‚Ä¶ https://t.co/rcCr1VdqJk",0.0,69
09/18/2017,CBS News,1.0,0.0,Dieting? Don't fall for these common misconceptions. Here's what you need to know. Presented by @GSK‚Ä¶ https://t.co/LgKtjJDXYD,0.0,68
09/18/2017,CBS News,0.936,0.064,The U.S. Navy plans to use Xbox 360 controllers to operate periscopes aboard its newer submarines‚Ä¶ https://t.co/4yeweGCxJJ,0.0258,67
09/18/2017,CBS News,0.829,0.0,Sunday night's Emmys repeatedly made history with records -- and barriers -- being broken https://t.co/hJ24zbHGUz https://t.co/jwUGrCm1b1,-0.4767,66
09/18/2017,CBS News,0.85,0.15,Maria strengthens into Category 3 storm as it targets Caribbean; Jose heads northward off the U.S. East Coast‚Ä¶ https://t.co/8HDDw9mkDn,0.4588,65
09/18/2017,CBS News,1.0,0.0,"UN says two Americans being unjustly held in Iran is part of an ""emerging pattern"" https://t.co/3Fv6MxdPCa https://t.co/go1Ly5WOKa",0.0,64
09/18/2017,CBS News,1.0,0.0,MOMENTS AGO: Pres. Trump meets with Israeli PM Netanyahu while in New York visiting the UN https://t.co/6CKOa75hIF https://t.co/ETKGYWpDJc,0.0,63
09/18/2017,CBS News,0.905,0.0,"Police not identifying men held over London subway bomb, but they seem to have been fostered by same elderly couple‚Ä¶ https://t.co/ZH1nbqK3Sn",-0.2732,62
09/18/2017,CBS News,0.805,0.195,"Sean Spicer gave some viewers a chuckle with his surprise #Emmys cameo, but others weren't laughing‚Ä¶ https://t.co/tLa2nigdFa",0.34,61
09/18/2017,CBS News,0.73,0.0,Body of missing 22-year-old woman found in car after alleged fight with ex-boyfriend  https://t.co/ktQURbgH0h https://t.co/Bv0q54Z5se,-0.5859,60
09/18/2017,CBS News,0.851,0.149,Hurricane Maria strengthened into a Category 3 storm on Monday and pushed toward islands in the eastern Caribbean‚Ä¶ https://t.co/Ltr7v1ShKt,0.4215,59
09/18/2017,CBS News,0.85,0.15,RT @CBSNewsRadio: We're celebrating the 90th Anniversary of CBS. Check out this look back on the history of our network. #CBS90 https://t.c‚Ä¶,0.5719,58
09/18/2017,CBS News,0.619,0.0,Irma's destruction renewed fears about how to manage Florida's population boom as climate change risks intensify‚Ä¶ https://t.co/C3h0v7hhf9,-0.8225,57
09/18/2017,CBS News,0.885,0.0,NEW: Hurricane Maria is now a Category 3 storm with winds up to 120 mph as it threatens to hit the Caribbean‚Ä¶ https://t.co/TqoFw6ZaNQ,-0.3818,56
09/18/2017,CBS News,1.0,0.0,"""Start with what you know,"" Former First Lady Laura Bush offers advice to the spouses of world leaders‚Ä¶ https://t.co/lCI6wcipow",0.0,55
09/18/2017,CBS News,0.819,0.181,"""There are many analysts who say you are the greatest quarterback of all time. How do you rank yourself?""‚Ä¶ https://t.co/EYPMNBQgma",0.6369,54
09/18/2017,CBS News,0.564,0.0,"Family lawyer of Scout Schultz, student killed at Georgia Tech, says campus police overreacted by killing student‚Ä¶ https://t.co/lLDB0MxRgU",-0.9118,53
09/18/2017,CBS News,0.559,0.441,"‚ÄúI am confident that if we work together and champion truly bold reforms, the UN will emerge as a stronger...force‚Ä¶ https://t.co/1dartJLfAE",0.9118,52
09/18/2017,CBS News,0.778,0.222,‚ÄúWe commend the secretary general and his call for the United Nations to focus more on people and less on bureaucra‚Ä¶ https://t.co/yd3RwHV2DY,0.6908,51
09/18/2017,CBS News,1.0,0.0,WATCH: Pres. Trump speaks at UN reform meeting in New York City. Monday kicks off a week of meetings at the UN‚Ä¶ https://t.co/yc7gxRoS6x,0.0,50
09/18/2017,CBS News,0.653,0.236,"Tom Brady tells @NorahODonnell he credits softer, less dense muscles with helping him avoid injuries‚Ä¶ https://t.co/Ds7TAMBrgj",0.3612,49
09/18/2017,CBS News,0.769,0.0,"A NATO military leader says Russia's military exercise resembles ""preparation for a big war"" https://t.co/VlsSvNauCt https://t.co/1YcAX8mu8t",-0.5994,48
09/18/2017,CBS News,1.0,0.0,"N. Korea's nuclear program is a major focus at the UN, where Pres. Trump starts a weeklong series of meetings Monda‚Ä¶ https://t.co/sfXCAXpnXg",0.0,47
09/18/2017,CBS News,0.794,0.206,Senate expected to pass $700 billion defense policy bill that in part expands missile defense in response to N Kore‚Ä¶ https://t.co/qka5g8aJwD,0.34,46
09/18/2017,CBS News,0.885,0.115,.@KHOU reporter Brandi Smith led first responders to a stranded semi-truck driver during Harvey. She shares their r‚Ä¶ https://t.co/btXMTHAQc1,0.296,45
09/18/2017,CBS News,0.694,0.306,"‚ÄúThere‚Äôs a slight sigh of relief because you don‚Äôt feel so absolutely responsible all the time,‚Äù @laurawbush says o‚Ä¶ https://t.co/NRSC48IiSF",0.7245,44
09/18/2017,CBS News,1.0,0.0,"RT @CBSThisMorning: What is your message to other first ladies?
‚ÄúCome with what you know,‚Äù says @Laurawbush https://t.co/9Fn4vdlPic",0.0,43
09/18/2017,CBS News,1.0,0.0,"‚ÄúIt was a way to bring attention to...the way women were treated,‚Äù @laurawbush says on U.S-Afghan Women's council https://t.co/78fd4zodbA",0.0,42
09/18/2017,CBS News,0.841,0.0,"U.S. flew warplanes over Korean Peninsula in drills with S. Korea &amp; Japan, 3 days after N. Korea fired missile‚Ä¶ https://t.co/0UcOwOC5N0",-0.5574,41
09/18/2017,CBS News,1.0,0.0,‚ÄúMany of the First Ladies around the world I know were business women already...and can bring a lot to their countr‚Ä¶ https://t.co/8j58QTGmX9,0.0,40
09/18/2017,CBS News,1.0,0.0,"Former First Lady Laura Bush wants world leaders' spouses to realize their power. On @CBSThisMorning, she discusses‚Ä¶ https://t.co/QaNW0duMak",0.0,39
09/18/2017,CBS News,1.0,0.0,Here is a look at some of today's headlines on @CBSThisMorning: https://t.co/CKXbtcOxzq,0.0,38
09/18/2017,CBS News,1.0,0.0,"Former First Lady @laurawbush is in the @CBSThisMorning greenroom. Ahead, she will discuss her mission to empower‚Ä¶ https://t.co/7dfnOEmXYV",0.0,37
09/18/2017,CBS News,1.0,0.0,New England Patriots quarterback Tom Brady tells @NorahODonnell his performance at age 40 is due to a unique fitnes‚Ä¶ https://t.co/XsQ3k7eF3c,0.0,36
09/18/2017,CBS News,0.792,0.0,Hundreds of officers in full riot gear respond to a 3rd day of protests in St. Louis and more than 80 were arrested‚Ä¶ https://t.co/91MOc8A6rd,-0.6705,35
09/18/2017,CBS News,1.0,0.0,Tom Brady says he has staying power in the NFL. Ahead on @CBSThisMorning: what he reveals to @NorahODonnell about p‚Ä¶ https://t.co/vh4w9rUm7f,0.0,34
09/18/2017,CBS News,0.823,0.177,"Ray Dalio is the found of one of the world‚Äôs most successful hedge funds, Bridgewater. He joins @CBSThisMorning to‚Ä¶ https://t.co/QQ9mCjA77x",0.624,33
09/18/2017,CBS News,0.783,0.111,"AHEAD: Ray Dalio, founder of the world‚Äôs largest hedge fund joins @CBSThisMorning to discuss how giving critical fe‚Ä¶ https://t.co/RLLCcbmqYB",0.0258,32
09/18/2017,CBS News,0.826,0.174,History was made at the Emmys. Julia Louis-Dreyfus holds the record for most wins by a performer in a single role‚Ä¶ https://t.co/7uqhwgIs5D,0.6115,31
09/18/2017,CBS News,1.0,0.0,"Pres. Trump starts a week of meetings today at the UN General Assembly, and he will address the assembly Tuesday fo‚Ä¶ https://t.co/jlClz71o2l",0.0,30
09/18/2017,CBS News,0.738,0.0,Georgia Tech student fatally shot by campus police Saturday after they say the student refused to put down a knife‚Ä¶ https://t.co/Wklh5B1Bts,-0.7506,29
09/18/2017,CBS News,0.845,0.155,AHEAD on @CBSThisMorning: How television is breaking barriers and the message from some of the Emmy honorees about‚Ä¶ https://t.co/5c4gzSFzvb,0.5106,28
09/18/2017,CBS News,0.793,0.207,"40-year-old Tom Brady may be playing better than athletes half his age. Ahead on @CBSThisMorning, Brady opens up to‚Ä¶ https://t.co/x3m2RtjW3k",0.5719,27
09/18/2017,CBS News,0.87,0.13,Six people returned from a simulated mission on Mars. The crew spent 8 months on an active volcano in Hawaii‚Ä¶ https://t.co/FCgfmjF5dP,0.4019,26
09/18/2017,CBS News,0.748,0.252,"In surprise Emmy moment, Former White House spokesman Sean Spicer pokes fun at inauguration crowd size claims‚Ä¶ https://t.co/FfMEF5NyCS",0.6597,25
09/18/2017,CBS News,1.0,0.0,A NATO military leader is raising new concerns about Russia‚Äôs massive military exercise underway in Eastern Europe‚Ä¶ https://t.co/4ZxaTDNTfo,0.0,24
09/18/2017,CBS News,1.0,0.0,Four American college students studying abroad are recovering after being sprayed by acid in France‚Ä¶ https://t.co/Jr0s7Y9gdV,0.0,23
09/18/2017,CBS News,1.0,0.0,Georgia investigators are looking into a deadly police shooting on the Georgia Tech campus https://t.co/mShj3sAfwT https://t.co/30y3n7YYHt,0.0,22
09/18/2017,CBS News,1.0,0.0,Here‚Äôs a look at some of this morning‚Äôs other headlines on @CBSThisMorning: https://t.co/OQB12hT61n,0.0,21
09/18/2017,CBS News,0.75,0.25,Two top executives are out at Equifax after the massive data breach of personal information of 143 million people‚Ä¶ https://t.co/wRYj8M6hBi,0.7184,20
09/18/2017,CBS News,1.0,0.0,AHEAD on @CBSThisMorning: What NASA learned after a group of people spent 8 months in Hawaii on a simulated mission‚Ä¶ https://t.co/41en4fFzxI,0.0,19
09/18/2017,CBS News,1.0,0.0,The Emmys were infused with politics &amp; references to the president. Ethnic &amp; racial diversity were also highlighted‚Ä¶ https://t.co/9pWjaToWS7,0.0,18
09/18/2017,CBS News,0.778,0.119,"HBO's ""Big Little Lies"" stars Nicole Kidman, Reese Witherspoon &amp; Laura Dern focus on better roles for women at Emmy‚Ä¶ https://t.co/kGTksHdBJb",0.101,17
09/18/2017,CBS News,0.905,0.0,Newly released video appears to show a suspected bomber holding a bag similar to one found on the London subway‚Ä¶ https://t.co/UdZCu6rhAu,-0.2263,16
09/18/2017,CBS News,0.718,0.0,Police in St. Louis arrested dozens of people overnight as a third day of protesting turned violent‚Ä¶ https://t.co/CI5ocZfvCC,-0.7096,15
09/18/2017,CBS News,1.0,0.0,All of the Florida Keys are now open to residents &amp; business owners for the first time since they were evacuated‚Ä¶ https://t.co/S2i1Pl5fyG,0.0,14
09/18/2017,CBS News,1.0,0.0,.@LissetteCBS4 of @CBSMiami has more on the hurricane forecast for @CBSThisMorning https://t.co/IsRL8Luz7h,0.0,13
09/18/2017,CBS News,0.723,0.0,A new hurricane threat is forming in the Atlantic &amp; could be bad news for Caribbean islands recovering from Irma‚Ä¶ https://t.co/g2aPYbSjg8,-0.7845,12
09/18/2017,CBS News,1.0,0.0,"North Korea‚Äôs nuclear program is the focus at the UN, where Pres. Trump starts a weeklong series of meetings Monday‚Ä¶ https://t.co/oca6NZ5OkL",0.0,11
09/18/2017,CBS News,1.0,0.0,COMING UP on @CBSThisMorning: @Patriots superstar quarterback Tom Brady opens up to @NorahODonnell. Tune in at 7am‚Ä¶ https://t.co/JiO10fp648,0.0,10
09/18/2017,CBS News,1.0,0.0,AHEAD on @CBSThisMorning at 7am E.T.: @laurawbush discusses Global First Ladies &amp; @BrandiKHOU reunites with the man‚Ä¶ https://t.co/qASiUh8hKY,0.0,9
09/18/2017,CBS News,1.0,0.0,"RT @CBSThisMorning: THIS MORNING:
üìñ|@RayDalio on new book
üí≠|@laurawbush on Global First Ladies
üåÄ|@ brandikhou  #Harvey reunion
üì∫|7AM ET",0.0,8
09/18/2017,CBS News,1.0,0.0,"Police release surveillance video of Kenneka Jenkins, teen found in freezer https://t.co/Y8rb3liWTE https://t.co/pvSVI3OyyB",0.0,7
09/18/2017,CBS News,1.0,0.0,Residents of the southern Florida Keys start to return home after Irma https://t.co/LOAZ2D7io5 https://t.co/ef46DfSHWo,0.0,6
09/18/2017,CBS News,0.755,0.0,"Narcos' location scout shot to death in Mexico, local media reports https://t.co/Qs2Gew0RKM https://t.co/iNH1NlgnT3",-0.5994,5
09/18/2017,CBS News,1.0,0.0,"Nikki Haley slams North Korea's ""reckless"" behavior https://t.co/dk7KtHZAr7 https://t.co/Md5rGs35Iz",0.0,4
09/18/2017,CBS News,0.815,0.0,"Sports car strikes crowd of people in Boise, injuring 11 https://t.co/2HdNUq8nVc https://t.co/uudCrS7hxc",-0.3612,3
09/18/2017,CBS News,0.577,0.423,Here's the entire list of 2017 Emmy Award winners https://t.co/vJZkIQSNNn https://t.co/DdJx6XMZZ9,0.765,2
09/18/2017,CBS News,0.682,0.318,Rules of writing from an international best seller https://t.co/hKJMj5nwN5 https://t.co/xL1NmhIb0P,0.6369,1
09/19/2017,CNN,0.577,0.178,The sluggish pace of the Bob Menendez trial is creating political and legal uncertainty https://t.co/qxiZfaGsx7 https://t.co/1NAwCziRbO,-0.34,100
09/19/2017,CNN,0.687,0.125,Nancy Pelosi was interrupted by a group of protesters while speaking in San Francisco about the DREAM Act‚Ä¶ https://t.co/6B8o2Fq74k,-0.0943,99
09/19/2017,CNN,1.0,0.0,Republican senators' latest attempt to repeal Obamacare could be the most far-reaching of GOP efforts this year https://t.co/il7REiG8H8,0.0,98
09/19/2017,CNN,0.598,0.402,"Paul Ryan says the Graham-Cassidy health care bill is ""our best, last chance"" to repeal Obamacare‚Ä¶ https://t.co/h3o3dmPcZP",0.8555,97
09/19/2017,CNN,1.0,0.0,"Donald Trump Jr. is seeking to scale back his Secret Service protection, sources say https://t.co/Mx74TZ1Wf1 https://t.co/35HmGAVH9O",0.0,96
09/19/2017,CNN,1.0,0.0,"RT @AC360: ""It actually unsafe to step out of the door,"" says man who decided to ride out Hurricane Maria in Dominica https://t.co/14DP0bJ7‚Ä¶",0.0,95
09/19/2017,CNN,1.0,0.0,"Man riding out Hurricane Maria says he can't step outside, small debris is flying through the air, wind is howling https://t.co/3ce9johSAV",0.0,94
09/19/2017,CNN,0.833,0.0,"Former White House press secretary Sean Spicer: ""Of course"" I regret my inauguration crowd lecture‚Ä¶ https://t.co/yZWoV7C2Dw",-0.4215,93
09/19/2017,CNN,0.815,0.0,RT @CNNweather: #Maria is now a category 5 storm. The center is 15 miles from Dominica and will bring devastating impacts. https://t.co/ADb‚Ä¶,-0.6486,92
09/19/2017,CNN,0.63,0.118,President Trump‚Äôs legal team reflects their chaotic client https://t.co/RvamR0X4B6 https://t.co/pcWdRfysSg,-0.4019,91
09/19/2017,CNN,1.0,0.0,"RT @OutFrontCNN: .@SenJeffMerkley says the government's wiretapping of Paul Manafort is ""a very big deal‚Äù https://t.co/05Tn2BeYip https://t‚Ä¶",0.0,90
09/19/2017,CNN,1.0,0.0,‚ÄúPresident Trump has had a series of second-rate lawyers‚Äù @RWPUSA on #NYT reporter overhearing lawyers at lunch https://t.co/VaHI9DUpYl,0.0,89
09/19/2017,CNN,0.86,0.0,RT @HLNTV: BREAKING: Fugitive Maria Cabrera-Gutierrez has been arrested after her case was profiled on HLN‚Äôs ‚ÄúThe Hunt‚Äù w/@john_walsh https‚Ä¶,-0.4767,88
09/19/2017,CNN,1.0,0.0,Hurricane #Maria is now a Category 5 storm with winds of 160 mph https://t.co/nGSQ54zfld https://t.co/kmha0Eu3rM,0.0,87
09/19/2017,CNN,0.645,0.0,The nightmare is almost over for thousands of people who faced illegal student debt collections lawsuits https://t.co/SRn5f4s73s,-0.7717,86
09/18/2017,CNN,1.0,0.0,Hurricane Maria continues to rapidly intensify and is now a category 5 storm with winds of 160 mph‚Ä¶ https://t.co/TqaghYv4KU,0.0,85
09/18/2017,CNN,1.0,0.0,RT @KhushbuOShea: Round two of Hurricane shopping in 2 weeks. @CNN #HurricaneMaria https://t.co/1fVe7EY15U,0.0,84
09/18/2017,CNN,1.0,0.0,US President Trump has a long history with the UN -- and it involves marble https://t.co/8ThlmhiR3Q https://t.co/N0RhiM5uaa,0.0,83
09/18/2017,CNN,1.0,0.0,RT @OutFrontCNN: ‚ÄúThis isn‚Äôt done willy-nilly‚Äù @gloriaborger on news of the wiretapping of Paul Manafort https://t.co/TM0E57iv0g https://t.‚Ä¶,0.0,82
09/18/2017,CNN,1.0,0.0,It's official: Taiwanese electronics manufacturer Foxconn will get $3 billion to build a plant in Wisconsin‚Ä¶ https://t.co/t4C4TSB8Am,0.0,81
09/18/2017,CNN,1.0,0.0,Florida governor issues new nursing home rules after post-hurricane deaths https://t.co/aviochFEQf https://t.co/J5BfBIY0Ud,0.0,80
09/18/2017,CNN,1.0,0.0,"RT @CNNPolitics: The US government monitored Paul Manafort under secret court orders, @evanperez reports https://t.co/7Ay59IhuZG https://t.‚Ä¶",0.0,79
09/18/2017,CNN,0.871,0.129,"President Trump describes ""long"" call with Chinese President Xi Jinping: ""We have a very, very fine relationship"" https://t.co/Ehvl17RUiT",0.3338,78
09/18/2017,CNN,0.909,0.091,Exclusive: US investigators wiretapped Paul Manafort under secret court orders before and after the election‚Ä¶ https://t.co/UdXq4yOPa6,0.128,77
09/18/2017,CNN,1.0,0.0,Republicans push ahead with Obamacare repeal efforts https://t.co/e35P0eMfbx https://t.co/Ghpinzs0d0,0.0,76
09/18/2017,CNN,0.708,0.0,"""You'll shoot your eye out!"" Nerf guns really can put your eyes at risk, doctors warn https://t.co/FM3vkfX0nP https://t.co/PRl6s46cOU",-0.636,75
09/18/2017,CNN,0.856,0.0,"Trump admin announces end to protections for Sudanese immigrants, a move some fear could be a sign of things to come https://t.co/vdAa8506lc",-0.4939,74
09/18/2017,CNN,0.909,0.091,Exclusive: US investigators wiretapped Paul Manafort under secret court orders before and after the election‚Ä¶ https://t.co/6QwdWjt3jF,0.128,73
09/18/2017,CNN,1.0,0.0,President Trump is speaking in New York. Watch CNN and https://t.co/UYpqI3w42L https://t.co/PiOi4ZYZX7,0.0,72
09/18/2017,CNN,0.779,0.139,Sens. McCain and Murkowski are among the several Republicans who are undecided on the new GOP health care bill‚Ä¶ https://t.co/Q33IjRuAzE,0.3182,71
09/18/2017,CNN,0.677,0.127,"Caring for a chronically or terminally ill pet could be putting your own mental health at risk, a new paper suggest‚Ä¶ https://t.co/veo2MRQum4",-0.1779,70
09/18/2017,CNN,1.0,0.0,"This year's #Emmys turned from parody to self-parody when Sean Spicer took the stage, a @CNNOpinion contributor says https://t.co/zc8SKc4i2P",0.0,69
09/18/2017,CNN,1.0,0.0,"Rhode Island will cover application fee for DACA recipients eligible to reapply before program ends, governor says‚Ä¶ https://t.co/JL0QCmvuEc",0.0,68
09/18/2017,CNN,0.867,0.0,RT @TheLeadCNN: An 8-year-old girl gets caught up in her dad‚Äôs struggle with opioids https://t.co/qiUnZejscC #TheLead,-0.3182,67
09/18/2017,CNN,0.873,0.0,Here's a look at a US-unit in South Korea designed to limit the damage to Seoul from North Korea in the event of wa‚Ä¶ https://t.co/gjdTCBMQcv,-0.4939,66
09/18/2017,CNN,1.0,0.0,"Hurricane #Maria is now cat. 4 with sustained winds of 130 mph, Natl. Hurricane Center says https://t.co/SENzhk24A2 https://t.co/F51qIqetVe",0.0,65
09/18/2017,CNN,0.838,0.162,Trump's personal lawyer Michael Cohen is set to appear before the Senate intelligence committee on Tuesday‚Ä¶ https://t.co/RylXbCoqV6,0.4767,64
09/18/2017,CNN,0.858,0.142,"RT @greatbigstory: Over the past 3 years, 100k Detroit families have had their water shut off. Luckily, Monica Lewis-Patrick is providing i‚Ä¶",0.5106,63
09/18/2017,CNN,1.0,0.0,"Sen. Coons: Pres. Trump needs to show the UN that he can be a world leader, and ""rise above name-calling on Twitter"" https://t.co/Qi7IC4uaCq",0.0,62
09/18/2017,CNN,0.773,0.073,Canadian PM Justin Trudeau has renewed his threat to scrap a potential deal to buy fighter jets from Boeing https://t.co/4WxJ2UpRwh,-0.4215,61
09/18/2017,CNN,0.858,0.0,This is a big week for Brexit. It's not going well https://t.co/pgNXuatKez https://t.co/kmcdeaqRIy,-0.2057,60
09/18/2017,CNN,0.583,0.075,"Bad karaoke, ""Top Gun"" references: Rep. Comstock ""lost that centrist feeling,"" Dem opponent says in campaign video‚Ä¶ https://t.co/nElM77cT1c",-0.7506,59
09/18/2017,CNN,1.0,0.0,Myanmar's de facto leader Aung San Suu Kyi will on Tuesday publicly address the bloodshed in Rakhine State https://t.co/mjiUMsb45R,0.0,58
09/18/2017,CNN,0.936,0.064,RT @CNNweather: Major Hurricane #Maria is now a category 4 hurricane and could become a category 5. Track the intense cyclone here https://‚Ä¶,0.0772,57
09/18/2017,CNN,1.0,0.0,"Hurricane Maria is now a category 4 hurricane with sustained winds of 130 mph, the National Hurricane Center says‚Ä¶ https://t.co/hTy54ZAPjk",0.0,56
09/18/2017,CNN,0.809,0.0,The 69th Annual Emmys nearly tied for all-time lowest ratings https://t.co/lzX9Z8Xiw7 https://t.co/oPDsoWJ992,-0.3818,55
09/18/2017,CNN,0.776,0.105,"Actress Kate Walsh of ""Grey's Anatomy"" has revealed that she was diagnosed with a benign brain tumor in 2015‚Ä¶ https://t.co/2SGVHYSLrd",-0.0772,54
09/18/2017,CNN,1.0,0.0,"Ivanka Trump is attending the #UNGA and will be going to meetings of her own, a source says https://t.co/nUgw39XM22 https://t.co/ooSPLbupPe",0.0,53
09/18/2017,CNN,0.778,0.222,"After wins against the GOP, Democrats were caught off-guard by Obamacare repeal https://t.co/jmW5x2tIYa https://t.co/Uylfb7DlFQ",0.5719,52
09/18/2017,CNN,1.0,0.0,Puerto Rico may get its first Category 4 hurricane in 85 years https://t.co/IE50K5S0pr https://t.co/1YsdcgkZEo,0.0,51
09/18/2017,CNN,1.0,0.0,Hillary Clinton just floated the possibility of contesting the 2016 election | Analysis by CNN's Chris Cillizza‚Ä¶ https://t.co/5AM9xXTKEX,0.0,50
09/18/2017,CNN,0.588,0.412,Slack valued at $5.1 billion after securing significant new investment money https://t.co/qfUfMUk2LN https://t.co/ubdrPyIwmf,0.7184,49
09/18/2017,CNN,0.746,0.0,Hurricane Maria poses a new threat to debt-laden Puerto Rico https://t.co/XvcWppleAE https://t.co/ycevg0P6vm,-0.5267,48
09/18/2017,CNN,0.923,0.077,".@kenvogel, reporter who overheard Trump lawyers at lunch, says he ""drank a few more iced teas"" and stayed in seat https://t.co/fTsW1Co0wV",0.1477,47
09/18/2017,CNN,0.769,0.231,This year's Emmy Awards might as well have been a roast of President Trump | Analysis by CNN's Chris Cillizza‚Ä¶ https://t.co/KTQEVlGFrQ,0.6249,46
09/18/2017,CNN,0.688,0.138,Hasbro and Mattel's shares fell amid Toys 'R' Us bankruptcy fears https://t.co/ITM1HxKcwJ https://t.co/UTGHOk7zmu,-0.1531,45
09/18/2017,CNN,0.742,0.258,"Trump compliments Bastille Day parade in Paris, says he'd consider parade ""to show our military strength"" on July 4 https://t.co/nL6BlrZGia",0.7096,44
09/18/2017,CNN,0.872,0.0,"Pres. Trump's threats and a tweet referring to Kim Jong Un as ""Rocket Man"" haven't quelled the North Korea crisis‚Ä¶ https://t.co/lHLkTJnByc",-0.4215,43
09/18/2017,CNN,0.931,0.0,"Hillary Clinton opened the door to questioning the legitimacy of 2016's election, saying she ""would not"" rule it ou‚Ä¶ https://t.co/SLmK7lXc3o",-0.1027,42
09/18/2017,CNN,0.508,0.292,Free PC cleaning software CCleaner was compromised in a sophisticated attack that affected over 2 million computers‚Ä¶ https://t.co/Beco2lafFp,0.4939,41
09/18/2017,CNN,0.424,0.0,"New York bus collision leaves 3 dead, 16 injured https://t.co/uTu9qcYuQv https://t.co/EtY3N8tmsm",-0.8591,40
09/18/2017,CNN,0.769,0.231,"Baton Rouge shootings may be racially motivated, police say https://t.co/jf38AdtZQf https://t.co/pRILVv2wCd",0.4588,39
09/18/2017,CNN,0.86,0.14,Want a job as a NASA astronaut? Read this https://t.co/rgczVPzCp8 https://t.co/zCNlzuWKbt,0.0772,38
09/18/2017,CNN,1.0,0.0,Russia bombed location in Syria near where US troops were present https://t.co/ys3MqzWSpm,0.0,37
09/18/2017,CNN,0.85,0.0,"Four American college students attacked with acid on Sunday at a train station in Marseilles, France, police say‚Ä¶ https://t.co/VlEBPvIt4h",-0.4588,36
09/18/2017,CNN,1.0,0.0,Trump calls for whistleblower protections as part of UN reforms https://t.co/ctgBgv6MlM https://t.co/EXJCLFc2le,0.0,35
09/18/2017,CNN,1.0,0.0,Banging shoes and ripping charters -- A look back at the most memorable #UNGA moments https://t.co/1dyhiD14td https://t.co/1F6kRTyb9N,0.0,34
09/18/2017,CNN,1.0,0.0,Here's a side of North Korea the world rarely sees https://t.co/hFefaZX4RC https://t.co/AStAqanNKM,0.0,33
09/18/2017,CNN,1.0,0.0,"RT @CNNPolitics: Netanyahu to Trump: ""Under your leadership, the alliance between America and Israel has never been stronger‚Äù #UNGA https:/‚Ä¶",0.0,32
09/18/2017,CNN,0.682,0.318,RT @CNNPolitics: President Trump on peace between Israel and Palestine: ‚ÄúI think there‚Äôs a good chance that it could happen‚Äù #UNGA https://‚Ä¶,0.8126,31
09/18/2017,CNN,0.87,0.13,Former White House press secretary Sean Spicer made a surprise cameo at the #Emmys https://t.co/AZuvBOpD63 https://t.co/Iq1n3un2s1,0.2732,30
09/18/2017,CNN,1.0,0.0,One of cycling's biggest races will begin outside of Europe for the first time https://t.co/C3PpERlABk https://t.co/epkKiAfpJW,0.0,29
09/18/2017,CNN,0.792,0.0,"Georgia Tech student fatally shot in the heart by campus police officer who ‚Äùoverreacted,‚Äù lawyer says‚Ä¶ https://t.co/CnLVBFSiIS",-0.6369,28
09/18/2017,CNN,0.855,0.145,"Meghan McCain is in late-stage talks to join ABC's ""The View,"" sources say https://t.co/mvQVTiGEaF",0.296,27
09/18/2017,CNN,0.845,0.155,Shares of Boeing are up more than 60% so far in 2017 https://t.co/xakDVaKa6d,0.296,26
09/18/2017,CNN,0.821,0.0,"Sean Spicer's Emmy cameo wasn't funny at all, writes @CillizzaCNN https://t.co/4bxiMSNALo https://t.co/4LkJXHRrFT",-0.3412,25
09/18/2017,CNN,0.847,0.0,A federal judge hearing arguments about the termination of DACA is reading President Trump's tweets carefully‚Ä¶ https://t.co/pnoUulquDl,-0.4019,24
09/18/2017,CNN,1.0,0.0,Snapchat has pulled Al Jazeera's channel from its app in Saudi Arabia https://t.co/5HMta0V0p2 https://t.co/a1jtKLrDdo,0.0,23
09/18/2017,CNN,0.805,0.12,CNN EXCLUSIVE: Iranian President says US will pay a high price if it scraps nuclear deal https://t.co/uX5ERdpx2S https://t.co/Zn7asUa7KX,0.2103,22
09/18/2017,CNN,1.0,0.0,Donald Trump told Nikki Haley she could speak her mind. She's doing just that | STATE Magazine‚Ä¶ https://t.co/TB0Kp0LgZa,0.0,21
09/18/2017,CNN,0.838,0.162,Trump's personal lawyer Michael Cohen is set to appear before the Senate intelligence committee on Tuesday‚Ä¶ https://t.co/JZfQXANfGP,0.4767,20
09/18/2017,CNN,0.889,0.0,"Iran, North Korea expected to dominate Trump's first UN General Assembly https://t.co/G45zmFDoFf https://t.co/GMGcSZvij8",-0.128,19
09/18/2017,CNN,0.878,0.0,Donald Trump's unpresidential presidency keeps hitting new lows I Analysis by Chris Cillizza https://t.co/AVYg2cAMR8 https://t.co/P7gGrO7wby,-0.2023,18
09/18/2017,CNN,1.0,0.0,Neil deGrasse Tyson says it might be 'too late' to recover from climate change https://t.co/FDtiJerfhU,0.0,17
09/18/2017,CNN,0.899,0.101,A top White House adviser affirms Trump is still planning to withdraw from the Paris climate accord‚Ä¶ https://t.co/OFYbGeZ1lC,0.2023,16
09/18/2017,CNN,0.928,0.072,"Trump: In recent years, the UN has ‚Äúnot reached it‚Äôs full potential because of bureaucracy and mismanagement‚Äù #UNGA https://t.co/n3Hu3nCsIR",0.1027,15
09/18/2017,CNN,0.889,0.0,"Iran, North Korea expected to dominate Trump's first UN General Assembly https://t.co/UcmhTMzKox https://t.co/wlzq3kyg7z",-0.128,14
09/18/2017,CNN,0.708,0.2,RT @CNNPolitics: President Trump at #UNGA: We must ensure no country has to ‚Äúshoulder a disproportionate share of the burden‚Äù https://t.co/‚Ä¶,0.3818,13
09/18/2017,CNN,0.84,0.16,India's push to go cashless has another high-profile supporter: Google. https://t.co/BjYMu1coQO https://t.co/gX7H1ZYzM4,0.2732,12
09/18/2017,CNN,0.591,0.268,"Hulu, the underdog of the streaming TV wars, just beat out Netflix and Amazon for TV's top prize https://t.co/8X2Ev1ivfQ",0.296,11
09/18/2017,CNN,1.0,0.0,"RT @CNNnewsroom: NYT's @kenvogel on Trump's lawyers discussing Russia probe in public: ""It's puzzling they would be so indiscreet"" https://‚Ä¶",0.0,10
09/18/2017,CNN,1.0,0.0,The one issue Netanyahu wants to discuss with Trump today at the UN https://t.co/ZIQFDmTqws https://t.co/oaZo7W1urz,0.0,9
09/18/2017,CNN,0.619,0.0,Lady Gaga postpones the European leg of her tour due to 'severe physical pain' https://t.co/KjWdDLVrrl https://t.co/BLd34tWJX5,-0.7906,8
09/18/2017,CNN,0.803,0.197,Why did the #Emmys help Sean Spicer rebrand? via @brianstelter https://t.co/wllxKYjUQm https://t.co/MaPGYQ14wn,0.4019,7
09/18/2017,CNN,0.721,0.279,Here's your complete list of #Emmys winners https://t.co/P0Wpx0coqs https://t.co/T2QuedpS6T,0.4767,6
09/18/2017,CNN,0.742,0.102,Hurricane Maria is expected to get stronger in a hurry as it takes aim at the Caribbean islands devastated by Irma‚Ä¶ https://t.co/N40MnFBDkV,-0.34,5
09/18/2017,CNN,1.0,0.0,What are ‚Äòsponge cities‚Äô? They may just be China‚Äôs answer to flooding in urban areas https://t.co/Ko8OcUeNl8 https://t.co/kiR4du2oGy,0.0,4
09/18/2017,CNN,0.909,0.091,"RT @cnni: Here‚Äôs a rare look at Mount Paektu, a site sacred to North Koreans, as well as their neighbors to the south https://t.co/lOErZdUW‚Ä¶",0.2732,3
09/18/2017,CNN,1.0,0.0,"With the golf retweet, Trump blunders into the 'Streisand effect,' writes Kara Alaimo for @CNNopinion‚Ä¶ https://t.co/x2F8UHLU7U",0.0,2
09/18/2017,CNN,0.872,0.0,"In Bangladesh's overcrowded Rohingya refugee camps, supplies are limited and circumstances are dire‚Ä¶ https://t.co/IkFe7EvsL0",-0.2263,1
09/19/2017,Fox News,1.0,0.0,".@TheJuanWilliams on @POTUS at @UN: ""He's got an audience that wants to hear from him...see leadership in terms of‚Ä¶ https://t.co/bjD9JnGqba",0.0,100
09/19/2017,Fox News,1.0,0.0,"JUST IN: Former #Trump campaign chair Paul Manafort wiretapped by US investigators, report says‚Ä¶ https://t.co/IVAyxucy2y",0.0,99
09/19/2017,Fox News,0.903,0.0,'You Don't Have a Right to Demand Anything': @TuckerCarlson Blasts DACA Activists Shouting Down @NancyPelosi https://t.co/QuagH1pZPP,-0.128,98
09/19/2017,Fox News,0.673,0.144,.@TuckerCarlson Blasts #Emmys: Awards Show 'Contempt the Ruling Class Has' for Middle America | Read more:‚Ä¶ https://t.co/wC8mOIKRSG,-0.2023,97
09/19/2017,Fox News,1.0,0.0,.@Judgenap: 'I Can't Second-Guess the Judge' in STL Officer Case https://t.co/snccH5xtQR,0.0,96
09/19/2017,Fox News,1.0,0.0,"Ceja: Undocumented immigrants, DACA recipients, are simply reacting to what's continued to be done. They're talking‚Ä¶ https://t.co/OzmXNWsDk2",0.0,95
09/19/2017,Fox News,0.853,0.0,WATCH: Protesters call out @NancyPelosi over #Trump DACA deal https://t.co/WB5dWc0yLX | #Tucker https://t.co/WDyfxS14tO,-0.2263,94
09/19/2017,Fox News,0.882,0.0,".@Joy_Villa: ""We are supposed to be the country of the First Amendment, but as we see in Hollywood, they no longer‚Ä¶ https://t.co/zDGSU8O7GZ",-0.4215,93
09/19/2017,Fox News,0.629,0.248,".@Joy_Villa: ""As we saw in the Emmys: If you hate Trump, you get a prize. If you love Trump, you get ignored."" https://t.co/PeYxRPlREw",0.5859,92
09/19/2017,Fox News,1.0,0.0,".@Joy_Villa: Hollywood has such a bloated ego...They think anything they say will be taken straightforward, &amp; reall‚Ä¶ https://t.co/m8IivhJlex",0.0,91
09/19/2017,Fox News,1.0,0.0,"BREAKING NEWS: Hurricane Maria was upgraded to a Category 5 storm on Monday, according to the National Hurricane Ce‚Ä¶ https://t.co/5lJ2KeUigM",0.0,90
09/19/2017,Fox News,0.828,0.0,".@GovChristie on @HillaryClinton: ""Hypocrisy is her specialty and she's a sore loser."" #TheStory‚Ä¶ https://t.co/ng1XoIs0jP",-0.3612,89
09/18/2017,Fox News,0.519,0.162,"Convicted rapist throws a fit while being deported, report says
 https://t.co/3knZjKqtXJ",-0.5267,88
09/18/2017,Fox News,1.0,0.0,".@GovMikeHuckabee on @UN: ""There needs to be a whole lot more...than a bunch of diplomats congratulating themselves‚Ä¶ https://t.co/oHHwipq7Bs",0.0,87
09/18/2017,Fox News,0.662,0.156,"#Cavuto Rips 'Hysterical' #Trump Critics: 'Your Hypocrisy Won't Stop'
 https://t.co/lDGzXs4zej",-0.0803,86
09/18/2017,Fox News,0.862,0.056,".@MikeTobinFox on St. Louis protests: ""When it rains, for these kids who just want to smoke pot and break things, i‚Ä¶ https://t.co/jRH3fhg5bj",-0.1531,85
09/18/2017,Fox News,1.0,0.0,RT @MikeEmanuelFox: Leader Pelosi gets an earful from the left + GOPers take one final shot at repealing ObamaCare -from #SpecialReport: ht‚Ä¶,0.0,84
09/18/2017,Fox News,1.0,0.0,".@JonahNRO on coverage of #GrahamCassidy proposal: ""The way that the media has covered this is kind of outrageous.""‚Ä¶ https://t.co/uiGJCczeSn",0.0,83
09/18/2017,Fox News,1.0,0.0,"Small Town Populations Booming in Parts of West, South https://t.co/D1iwNXjrLu",0.0,82
09/18/2017,Fox News,1.0,0.0,"#Trump Tells UN to Back Reforms, Will Press for Firm Stance on North Korea https://t.co/p8hPt1H2qi",0.0,81
09/18/2017,Fox News,0.622,0.13,#Trump resort criticized for suggesting Irma victims relieve 'stress' with meal at club's restaurant https://t.co/MU81J07H7v,-0.3182,80
09/18/2017,Fox News,0.556,0.106,"Boston College students attacked in France forgive attacker, ask for prayers for her https://t.co/ChMoJ6l8MQ",-0.6808,79
09/18/2017,Fox News,0.843,0.157,"Hurricane Maria has strengthened into an ‚Äúextremely dangerous‚Äù Category 4 storm, the National Hurricane Center said‚Ä¶ https://t.co/hrJzBCDwWj",0.4215,78
09/18/2017,Fox News,1.0,0.0,Gov. Jerry Brown: 'Trump-ites and Troglodytes' Both 'Refer to People Who Live in Caves' https://t.co/24gqMq4Twe,0.0,77
09/18/2017,Fox News,0.484,0.0,Democrat mocked for 'worst campaign ad ever' https://t.co/oKp65Uwggq,-0.7506,76
09/18/2017,Fox News,0.808,0.0,"Protesters call out @NancyPelosi over #Trump #DACA deal
 https://t.co/AfXN3iwjYi",-0.2263,75
09/18/2017,Fox News,1.0,0.0,NEW: Laura Ingraham joins Fox News' prime-time lineup https://t.co/hDLkIpIGTI,0.0,74
09/18/2017,Fox News,0.769,0.231,".@UCBerkeley 'Free Speech Week' lineup includes Bannon, Milo: Here's the schedule.
 https://t.co/p1SBl1AaS0",0.5106,73
09/18/2017,Fox News,1.0,0.0,"OPINION: ""I sat next to Jesus. Here's the only way to describe my incredible experience""
  https://t.co/nNotM67XBv",0.0,72
09/18/2017,Fox News,0.515,0.149,"Mail carrier battling cancer delivers hope to fellow patient on her route
 https://t.co/h7D44mlB1u",-0.5574,71
09/18/2017,Fox News,0.714,0.0,"Emmys ratings crater; #Trump-bashing to blame?
https://t.co/7tcDhhkaZm",-0.34,70
09/18/2017,Fox News,0.86,0.14,".@POTUS on French President @EmmanuelMacron: ""He is doing a terrific job in France, he's doing what has to be done."" https://t.co/jNXXh8u2Em",0.4767,69
09/18/2017,Fox News,1.0,0.0,".@HillaryClinton's score-settling, Dem-rattling book tour only getting started
 https://t.co/TdQnyP47s1",0.0,68
09/18/2017,Fox News,1.0,0.0,Hurricane Maria's path: Track the storm here https://t.co/YTUQaee45n,0.0,67
09/18/2017,Fox News,1.0,0.0,"Moments ago, @POTUS met with Israeli Prime Minister Benjamin @Netanyahu. https://t.co/o63eV88B6Z",0.0,66
09/18/2017,Fox News,0.886,0.0,".@Netanyahu on @POTUS' leadership: ‚ÄúThe alliance between America and Israel has never been stronger, never been dee‚Ä¶ https://t.co/M6PB79jDA2",-0.2924,65
09/18/2017,Fox News,0.625,0.375,.@POTUS on peace between Israel and Palestine: ‚ÄúThere‚Äôs a good chance that it could happen...The Trump administrati‚Ä¶ https://t.co/2iIzCQq7g7,0.8126,64
09/18/2017,Fox News,0.759,0.0,Small Plane in Oregon Hits and Kills Two Elk While Landing https://t.co/NDRFz48Dwz,-0.5423,63
09/18/2017,Fox News,0.844,0.0,.@Judgenap on Trump Lawyers Leak: Don't Talk in Public About Any Client's Issues https://t.co/U128oqdkND,-0.34,62
09/18/2017,Fox News,0.67,0.0,McDonald's Manager Stabs Man During Brawl at Washington Location: 'He Was Basically Attacked' https://t.co/GALsN7zeix,-0.7096,61
09/18/2017,Fox News,0.833,0.167,".@toddstarnes: The 2017 Emmys ‚Äì Hollywood Gave Us a Democratic National Committee Meeting, Not an Awards Show https://t.co/YYO5T5nrBi",0.4588,60
09/18/2017,Fox News,1.0,0.0,U.S. Virgin Island Residents Waiting in Long Lines for Bottle of Water as Hurricane Maria Approaches‚Ä¶ https://t.co/WL9hAZ9ynV,0.0,59
09/18/2017,Fox News,0.671,0.0,'Desperately Sad': @MarkSteynOnline Blasts Hollywood Liberals for Trump Mockery at Emmys https://t.co/Lg1HgPsylg,-0.5994,58
09/18/2017,Fox News,1.0,0.0,"JUST IN: Hurricane Maria Expected to Become 'Major' Storm, Nears Caribbean Still Cleaning up From Irma https://t.co/LQ9qzpgipy",0.0,57
09/18/2017,Fox News,1.0,0.0,"Joe Flynn: ""My brother [Michael Flynn] bleeds red white and blue."" https://t.co/owXZUrFt3C https://t.co/GH01RgZAHx",0.0,56
09/18/2017,Fox News,1.0,0.0,This split photo shows @TheIowaHawkeyes fans waving to children in the @UIchildrens Hospital and what it looks like‚Ä¶ https://t.co/HA15FJYini,0.0,55
09/18/2017,Fox News,0.658,0.342,Happy 70th birthday to the @usairforce! Thank you to the brave men and women who have served and continue to serve‚Ä¶ https://t.co/cLSFrvR414,0.8718,54
09/18/2017,Fox News,0.657,0.0,.@KatiePavlich: Antifa Should Be Designated as a 'Domestic Terrorist Organization' https://t.co/43R3uT3jwl,-0.6908,53
09/18/2017,Fox News,0.833,0.167,"OP-ED: The 2017 Emmys ‚Äì Hollywood Gave Us a Democratic National Committee Meeting, Not an Awards Show https://t.co/YYO5T5nrBi",0.4588,52
09/18/2017,Fox News,0.8,0.2,Michael Flynn's Family Launches a Legal Defense Fund as Bills from Mueller Probe Mount https://t.co/owXZUrX4sc,0.25,51
09/18/2017,Fox News,0.568,0.21,".@realDonaldTrump: ""We must ensure that no one... shoulders a disproportionate share of the burden and that's milit‚Ä¶ https://t.co/oec1LEHhWa",-0.0772,50
09/18/2017,Fox News,0.796,0.139,".@realDonaldTrump: ""In recent years, the United Nations has not reached its full potential because of bureaucracy a‚Ä¶ https://t.co/eo73uCTXXr",0.362,49
09/18/2017,Fox News,0.625,0.375,".@realDonaldTrump: ""We affirm our commitment to the United Nations reform."" https://t.co/Zt5FPN6yH3",0.6597,48
09/18/2017,Fox News,0.806,0.194,".@nikkihaley: ""Donald Trump has a businessman's eye for seeing potential and he sees great potential... in the Unit‚Ä¶ https://t.co/DuiJiAm5BQ",0.6249,47
09/18/2017,Fox News,1.0,0.0,.@realDonaldTrump attends meeting on @UN reforms https://t.co/oSgFmrlHjd,0.0,46
09/18/2017,Fox News,0.817,0.183,During @AlecBaldwin's speech for his third Emmy win he took a jab at @realDonaldTrump who he impersonated on‚Ä¶ https://t.co/E0w3InIMYK,0.5859,45
09/18/2017,Fox News,1.0,0.0,MOMENTS AGO: @realDonaldTrump arrived at the @UN https://t.co/HQtdEHmKag,0.0,44
09/18/2017,Fox News,0.674,0.169,"Emmy Awards 2017: @StephenAtHome, @AlecBaldwin and @seanspicer All Turn Out to Mock @realDonaldTrump https://t.co/8vqhRFSLmc",0.0516,43
09/18/2017,Fox News,0.663,0.0,"At Least One Dead When MTA, Coach Buses Collide in New York https://t.co/Y679HZGV5K",-0.6808,42
09/18/2017,Fox News,0.792,0.113,"Sabine Durden: ""I will stand with my president. I fought for him, I elected him. There are things I wish we would b‚Ä¶ https://t.co/E3J7ugVjpC",0.1027,41
09/18/2017,Fox News,0.626,0.0,JUST IN: 2 More Navy Officers Fired Over Deadly Naval Ship Collisions https://t.co/R9vbHKTcMt,-0.7152,40
09/18/2017,Fox News,0.889,0.111,".@newtgingrich: ""[@POTUS's] vision of sovereignty and of America as a unique nation is legitimate and doesn't threa‚Ä¶ https://t.co/TdLMNk9XkI",0.25,39
09/18/2017,Fox News,0.841,0.159,.@sendavidperdue Wants Tougher Immigration Language in Any DACA Deal https://t.co/oUXsFYBJ73,0.1779,38
09/18/2017,Fox News,0.724,0.276,".@MarkSteynOnline on the #Emmys: ""When everything is political... you can't even have the small shared pleasure of‚Ä¶ https://t.co/ywD49VoY6u",0.7269,37
09/18/2017,Fox News,0.849,0.0,A @usairforce B-1B bomber drops a bomb as it flies over the Korean Peninsula during joint drills with South Korea. https://t.co/umRbreqlES,-0.4939,36
09/18/2017,Fox News,0.857,0.143,".@KellyannePolls on @POTUS's speech to UNGA: ""President Trump will be promoting peace... sovereignty and accountabi‚Ä¶ https://t.co/EpJNUkN1Go",0.3612,35
09/18/2017,Fox News,1.0,0.0,".@WatchChad: The #Emmys are ""pulling families together, because people are turning their TVs off."" https://t.co/175eZQNTQr",0.0,34
09/18/2017,Fox News,1.0,0.0,"Biblical prophecy claims the world will end on Sept. 23, Christian numerologists claim https://t.co/WY6nSsiDIF",0.0,33
09/18/2017,Fox News,0.829,0.0,NY Times reporter slammed after saying boy mowing White House lawn sends bad signal on child labor https://t.co/HBumslXDIe,-0.5423,32
09/18/2017,Fox News,0.539,0.461,Last night Kate McKinnon thanked @HillaryClinton during her #Emmy Award acceptance speech. https://t.co/U17MSWEJFR https://t.co/pFXv0BEKsb,0.8555,31
09/18/2017,Fox News,1.0,0.0,"On this day in 1793, George Washington laid the cornerstone to the US Capitol building. The building would take nea‚Ä¶ https://t.co/RvZep3jDZa",0.0,30
09/18/2017,Fox News,1.0,0.0,".@sendavidperdue: ""[@POTUS] said, 'we're going to build a wall.' We will build that wall."" https://t.co/H5YfviJV9t",0.0,29
09/18/2017,Fox News,1.0,0.0,The RAISE Act https://t.co/3pDozYBtMH,0.0,28
09/18/2017,Fox News,0.826,0.0,"Kent Haeffner Harvard Junior: Chelsea Manning is ""a convicted felon who has betrayed our country and that's what th‚Ä¶ https://t.co/EQnvO5HzNs",-0.6124,27
09/18/2017,Fox News,1.0,0.0,Former press secretary @seanspicer makes cameo appearance at the #Emmys https://t.co/U17MSWWl4r https://t.co/qkJZhFT38C,0.0,26
09/18/2017,Fox News,0.876,0.124,Members of the @Jaguars help Hurricane Irma first responders hold the American flag during the singing of the natio‚Ä¶ https://t.co/AJ7SjPigSI,0.4019,25
09/18/2017,Fox News,0.62,0.38,".@NateBoyer37: ""It is a free country but at the end of the day it's free because of who laid down that great sacrif‚Ä¶ https://t.co/gGvfLwOMQu",0.9224,24
09/18/2017,Fox News,1.0,0.0,"This photo shows the moment just before sunrise from a campsite on the Appalachian Trail in Beans Purchase, N.H. https://t.co/jVZIXwHlJV",0.0,23
09/18/2017,Fox News,0.7,0.3,Tropical Storm Maria strengthens into hurricane https://t.co/ok1KbXD2Ip https://t.co/0hdSBiGilW,0.4588,22
09/18/2017,Fox News,1.0,0.0,Trump to speak at U.N. General Assembly on Tuesday https://t.co/zayTn8BreA,0.0,21
09/18/2017,Fox News,0.667,0.0,80 arrested in St. Louis protests over police officer‚Äôs acquittal https://t.co/AsK7IOxWJ6 https://t.co/1MyTR0TtIG,-0.6124,20
09/18/2017,Fox News,0.671,0.155,"Acid attack on 4 US students not seen as terror act, France says https://t.co/XecBzQjWZk https://t.co/cwIuPlKT8j",-0.0834,19
09/18/2017,Fox News,0.643,0.0,80 arrested in St. Louis protests over police officer‚Äôs acquittal https://t.co/AsK7IOxWJ6,-0.6124,18
09/18/2017,Fox News,0.806,0.0,Sign language interpreter reportedly issued ‚Äòpizza‚Äô warning During Irma update https://t.co/VxI0r5OzlQ,-0.34,17
09/18/2017,Fox News,1.0,0.0,Chelsea Manning Tells Audience: I Am Not an ‚ÄòAmerican Traitor‚Äô https://t.co/X9xxDloy1l,0.0,16
09/18/2017,Fox News,0.811,0.0,Woman fakes seizure during robbery attempt; learned move from ‚ÄòLaw &amp; Order‚Äô https://t.co/rR8GvUmrAV,-0.4215,15
09/18/2017,Fox News,1.0,0.0,Russia and China Notably Absent at UN Reform Powwow https://t.co/8SwQI2kpbx,0.0,14
09/18/2017,Fox News,0.652,0.164,"Acid attack on 4 US students not seen as terror act, France says https://t.co/XecBzQBxQS",-0.0834,13
09/18/2017,Fox News,0.677,0.0,Georgia Tech student shot dead by police on campus https://t.co/mzFGpxSBlg,-0.6486,12
09/18/2017,Fox News,0.829,0.0,NY Times reporter slammed after saying boy mowing White House lawn sends bad signal on child labor https://t.co/HBumslG2jE,-0.5423,11
09/18/2017,Fox News,0.805,0.195,"McMaster: Trump better without Bannon, others who pushed their ‚Äòown narrow agendas‚Äô https://t.co/JoLvcZ8HYI",0.4404,10
09/18/2017,Fox News,0.787,0.0,Former Sheriff Joe Arpaio fires back at judge in his contempt case https://t.co/4q8LSKz9Az via @AndrewCraft,-0.5859,9
09/18/2017,Fox News,1.0,0.0,"Listen up, UN -- Trump means what he's telling you https://t.co/Oa2r7tP6tj",0.0,8
09/18/2017,Fox News,0.489,0.511,Kate McKinnon thanked @HillaryClinton during her #Emmy Award acceptance speech. https://t.co/U17MSWWl4r https://t.co/x6CcnR2GDA,0.8555,7
09/18/2017,Fox News,0.598,0.245,Acquitted St. Louis officer Stockley speaks out: 'Feels like a burden has been lifted' https://t.co/jVBgSbDPPY,0.1531,6
09/18/2017,Fox News,0.574,0.0,St. Louis Police Shooting Protests Escalate into Violence for 3rd Night; Multiple Arrests Made https://t.co/rAK8NeoOul,-0.836,5
09/18/2017,Fox News,1.0,0.0,IT Cosmetics CEO told she was too fat to sell makeup  https://t.co/IYoD1dEyGN,0.0,4
09/18/2017,Fox News,0.769,0.0,Tillerson Considers Closing Embassy in Havana Where Diplomats Mysteriously Got Sick https://t.co/NsKbM1EmkO,-0.5106,3
09/18/2017,Fox News,0.922,0.078,".@TomiLahren on universal basic income: ""If an iPad can replace you, be careful how you feel about minimum wage.""‚Ä¶ https://t.co/4SVHXLUZuo",0.1531,2
09/18/2017,Fox News,0.884,0.116,"Ruben Navarrette on universal basic income: ""If they had that incentive they wouldn't need the handout in the first‚Ä¶ https://t.co/yrKbBkcumx",0.3612,1
09/19/2017,The New York Times,1.0,0.0,Evening Briefing: Here's what you need to know at the end of the day https://t.co/TvWO3sAlH7,0.0,100
09/19/2017,The New York Times,0.714,0.286,Hurricane Maria is gaining strength quickly as it races toward Puerto Rico and the Virgin Islands https://t.co/oQJqKet1oB,0.7184,99
09/19/2017,The New York Times,0.758,0.0,"Hurricane Maria has grown to ""a potentially catastrophic Category 5 hurricane"" https://t.co/KLpgYX8vZd",-0.4939,98
09/19/2017,The New York Times,0.739,0.0,RT @MitchKSmith: Demonstrators have gathered in St. Louis for a fourth night to protest an officer's acquittal on a murder charge. Crowd mu‚Ä¶,-0.7717,97
09/19/2017,The New York Times,0.703,0.297,"Inspired by what he saw in France, President Trump wants ""a really great parade to show our military strength‚Äù https://t.co/HvdOYx4GI7",0.8221,96
09/19/2017,The New York Times,0.682,0.318,Which of these countries has the best health system? https://t.co/J61st2flfq,0.6369,95
09/19/2017,The New York Times,0.815,0.0,Federal prosecutors and the FBI have opened a criminal investigation into the massive Equifax data breach https://t.co/lz8wvkE6tW,-0.5267,94
09/19/2017,The New York Times,1.0,0.0,"Donald Trump Jr. gives up Secret Service protection, seeking privacy https://t.co/YorfHgnGsC",0.0,93
09/19/2017,The New York Times,1.0,0.0,Interior Secretary Ryan Zinke proposed that President Trump make changes to 10 national monuments‚Ä¶ https://t.co/UGckiRFiPg,0.0,92
09/19/2017,The New York Times,1.0,0.0,Tracking Hurricane Maria‚Äôs path https://t.co/QrAkErb07C,0.0,91
09/18/2017,The New York Times,1.0,0.0,Mitch McConnell is pressing the Congressional Budget Office for a quick analysis of the Graham-Cassidy repeal bill https://t.co/RAKN2O5n8J,0.0,90
09/18/2017,The New York Times,0.659,0.162,RT @adamgoldmanNYT: Special Counsel Bob Mueller threatened to indict Trump campaign chairman https://t.co/hIBOET3e2k,-0.0772,89
09/18/2017,The New York Times,0.684,0.316,Florida was built on the seductive delusion that a swamp is a fine place for paradise https://t.co/0NlGnqGxVU,0.7184,88
09/18/2017,The New York Times,0.491,0.258,"The best and worst moments of the 2017 Emmys
https://t.co/oFuzvcFDv7",0.0258,87
09/18/2017,The New York Times,0.838,0.162,RT @MarkMazzettiNYT: New: Mueller investigators told Manafort to expect indictment. Inside special counsel's tactics  https://t.co/xawGmMM0‚Ä¶,0.4019,86
09/18/2017,The New York Times,0.791,0.0,"They picked Manafort's lock in July, raided his home and threatened to indict him. Inside Mueller's tough tactics. https://t.co/QS9N8ir6Ps",-0.5423,85
09/18/2017,The New York Times,1.0,0.0,Evening Briefing: Here's what you need to know at the end of the day https://t.co/1f53b4hSBz,0.0,84
09/18/2017,The New York Times,0.841,0.0,"California could become the first state to ban sale of puppies, bunnies and kittens that don't come from shelters https://t.co/rU0Ld0fm1w",-0.5574,83
09/18/2017,The New York Times,0.783,0.0,"RT @emilysteel: Political commentator Scottie Nell Hughes has filed suit against Fox News, alleging rape and retaliation. https://t.co/z0YH‚Ä¶",-0.6908,82
09/18/2017,The New York Times,0.687,0.313,A group of amateur UK archaeologists stumble on a Roman masterpiece https://t.co/eDr5IOECFM,0.6249,81
09/18/2017,The New York Times,0.67,0.0,Myanmar‚Äôs Rohingya crisis shows what happens when a nation‚Äôs boundaries and its national identity contradict https://t.co/O3ehX1Ht0x,-0.7506,80
09/18/2017,The New York Times,1.0,0.0,RT @julieturkewitz: The Interior Department wants changes to Bears Ears and nine other monuments. We explain the details. With pictures. ht‚Ä¶,0.0,79
09/18/2017,The New York Times,0.732,0.268,Forecasts on Monday predicted Hurricane Maria would increase in strength as it traveled through the Caribbean https://t.co/FEDYOqca0g,0.6705,78
09/18/2017,The New York Times,0.703,0.178,"Insurers may be contributing to the opioid crisis by favoring cheap narcotics over safer, but pricey, alternatives https://t.co/HZ2wD2mLUZ",0.0644,77
09/18/2017,The New York Times,0.814,0.186,One NYT reader's comment about Republicans' last-ditch push to repeal the Affordable Care Act‚Ä¶ https://t.co/MWdlxnfzar,0.4939,76
09/18/2017,The New York Times,0.842,0.0,White House officials privately said they fear colleagues may be wearing a wire to record conversations for Mueller https://t.co/GPDNWMDua2,-0.4939,75
09/18/2017,The New York Times,1.0,0.0,üéÇ¬†https://t.co/TTTJfag40v,0.0,74
09/18/2017,The New York Times,0.619,0.298,"Seinfeld rebranded? The comedian gets more personal, less detached in his new special. https://t.co/4LBk4FPFEy",0.5899,73
09/18/2017,The New York Times,0.817,0.0,"@seanrobinsonTNT Hi there, Sean. Sorry about that inconvenience. We're asking @NYTCare to look into this for you. H‚Ä¶ https://t.co/lyHsQWtm2c",-0.4215,72
09/18/2017,The New York Times,1.0,0.0,Two new Banksys in London refer to the work of the American artist Jean-Michel Basquiat https://t.co/TGv27chaP9,0.0,71
09/18/2017,The New York Times,1.0,0.0,The real unknown of climate change: our behavior https://t.co/SifArrS3lB,0.0,70
09/18/2017,The New York Times,0.663,0.337,"She's been riding motorcycles since she was 3. Now she's won a world championship race. 
 https://t.co/4GYSbmj4Pi",0.765,69
09/18/2017,The New York Times,0.927,0.073,The Whitney Museum watched the demise of Diller Island carefully: It has its own plan for the Hudson River https://t.co/Q85mEsKyBt,0.128,68
09/18/2017,The New York Times,0.626,0.085,"No, Katy Perry didn't broker peace with ISIS. With lies rampant, research offers clues on how to defend the truth. https://t.co/hiYmXoRN5n",-0.6757,67
09/18/2017,The New York Times,1.0,0.0,"In a dominant performance against the Saints, Tom Brady also displayed a mastery of the rulebook https://t.co/2iJX7Sjdi3",0.0,66
09/18/2017,The New York Times,0.884,0.0,The owner of the Indian company cut off the hospital‚Äôs oxygen supplies because of unpaid bills https://t.co/Q2diUlrBYC,-0.2732,65
09/18/2017,The New York Times,1.0,0.0,How the latest Republican plan to repeal Obamacare compares to the current health law https://t.co/jh9ZzSWUyJ,0.0,64
09/18/2017,The New York Times,0.688,0.147,"Why was the artistic director of the Oregon Bach Festival fired just months into the job?
 https://t.co/bQ35TRDsyZ",-0.1027,63
09/18/2017,The New York Times,0.711,0.107,Opinion: Russia is in a unique position to play broker and de-escalate the current North Korea nuclear crisis https://t.co/xEAISMVKyP,-0.4019,62
09/18/2017,The New York Times,0.739,0.0,"Since the 2008 economic crisis, donors have been losing their will to give, a report by Bill and Melinda Gates finds https://t.co/rVcb3GD1mY",-0.7717,61
09/18/2017,The New York Times,0.884,0.0,"Sean Spicer said he now regrets one of his most infamous moments as press secretary: ‚ÄúOf course I do, absolutely.‚Äù https://t.co/mMNGwCM7eA",-0.3612,60
09/18/2017,The New York Times,0.734,0.266,It‚Äôs been a while since a man has been this pleasantly extra https://t.co/t6ObaLgJLN,0.561,59
09/18/2017,The New York Times,1.0,0.0,A down payment with a catch: You must be an Airbnb host (continuously for three years) https://t.co/t9iOQr7LMp,0.0,58
09/18/2017,The New York Times,0.704,0.141,"RT @nytopinion: How disturbing that Stephen Colbert of all people would welcome Spicer onstage, says @FrankBruni https://t.co/Mw9IJnPq0B",-0.0772,57
09/18/2017,The New York Times,0.683,0.317,"Opinion: If you care about preserving the huge gains the ACA has brought, make your voice heard, writes @PaulKrugman https://t.co/YsSqqj9e84",0.7845,56
09/18/2017,The New York Times,0.838,0.0,"Shortly after the arrests, police officers were heard by reporters chanting ‚ÄúWhose streets? Our streets."" https://t.co/uk1At0FSkp",-0.4404,55
09/18/2017,The New York Times,0.693,0.0,"A Times article described Indian officials hushing up a small-town murder. The police read it, and made an arrest. https://t.co/n7L5cRymEo",-0.7964,54
09/18/2017,The New York Times,0.803,0.197,"It‚Äôs a simple thing, making a cake from a box, but when you‚Äôre doing it at 30 degrees below zero, you feel rich https://t.co/qvK7YhNxgh",0.7096,53
09/18/2017,The New York Times,1.0,0.0,RT @dougmillsnyt: .@realDonaldTrump meets with Prime Minister of Israel Benjamin Netanyahu in NY. @netanyahu #UNGA https://t.co/d0yAnH1xH4,0.0,52
09/18/2017,The New York Times,1.0,0.0,"RT @peterbakernyt: Asked whether he will pull out of Iran deal, Trump says ‚ÄúYou‚Äôll see very soon. You‚Äôll be seeing very soon.""",0.0,51
09/18/2017,The New York Times,0.788,0.0,"Donald Glover, Jackie Hoffman, ""Big Little Lies"" and Sean Spicer ‚Äî highs and lows from this year's Emmys https://t.co/dMzO7buKVq",-0.5118,50
09/18/2017,The New York Times,0.779,0.135,"Trump said the UN had to regain ‚Äúthe trust of the people,‚Äù without mentioning his proposal to cut its funding https://t.co/tQO8LDfEj6",0.296,49
09/18/2017,The New York Times,1.0,0.0,"""You know what we really are? Adrenaline junkies."" Meet the fly-in hurricane task force from California. https://t.co/JRh7VDLTdp",0.0,48
09/18/2017,The New York Times,0.781,0.219,"In celebration of NYT Cooking's third anniversary, here are the recipes readers love most https://t.co/Z2nG5qCUCb https://t.co/oPLgU400LV",0.6369,47
09/18/2017,The New York Times,0.765,0.235,"Stronger, more frequent storms are driving major changes in the Amazon, research found. Our #Daily360 https://t.co/ML5xWj8Q8g",0.5106,46
09/18/2017,The New York Times,1.0,0.0,How the internet kept humming during 2 hurricanes https://t.co/9KSqC7Qh8S,0.0,45
09/18/2017,The New York Times,0.886,0.114,RT @nytvideo: Learn how Facebook‚Äôs global dominance is actually breaking apart the internet. https://t.co/R7YMWCCGNw https://t.co/zx3S5lpJ8U,0.2023,44
09/18/2017,The New York Times,0.863,0.137,‚ÄúThey treat their seats as if these are monarchies with coronations as opposed to democracies with elections‚Äù https://t.co/ZVmRhuG8be,0.4019,43
09/18/2017,The New York Times,1.0,0.0,RT @nytopinion: Ellen Pao: I know that there is a real cost to speaking up. I have also seen that every voice can make a difference. https:‚Ä¶,0.0,42
09/18/2017,The New York Times,0.753,0.0,Blocked in China. Privacy concerns in Europe. Suspicions in Africa. This is Facebook‚Äôs global reality. https://t.co/oxoY3cTvFy,-0.5574,41
09/18/2017,The New York Times,0.762,0.238,A top adviser said the Trump administration was ‚Äúunambiguous‚Äù about its plans to withdraw from the Paris agreement https://t.co/hejzifoOu2,0.6124,40
09/18/2017,The New York Times,1.0,0.0,A cannily chosen dress paraded at the Emmys can cement a reputation or reboot a career https://t.co/ZOOpSQOja1,0.0,39
09/18/2017,The New York Times,0.821,0.179,NYT's @declanwalsh shared live updates from Egypt of the verdicts in a mass trial including U.S. and Irish citizens https://t.co/tj46WNEYmA,0.4019,38
09/18/2017,The New York Times,1.0,0.0,The hurricanes left behind several unexpected mementos https://t.co/joQBebA87S,0.0,37
09/18/2017,The New York Times,0.679,0.145,A last-ditch push to obliterate the Affordable Care Act could be nearing a showdown vote in the Senate https://t.co/RyQELJvjMX,-0.1779,36
09/18/2017,The New York Times,0.707,0.152,Iran's president faces embarrassing news as he arrives for the United Nations General Assembly https://t.co/TVNN2HPuRR,0.0516,35
09/18/2017,The New York Times,1.0,0.0,Beth Mowins smashed through the glass ceiling by becoming the first woman to call a game on ‚ÄúMonday Night Football‚Äù  https://t.co/PCvLe7zVEF,0.0,34
09/18/2017,The New York Times,0.762,0.119,"""Like listening to my ex nag me."" What some men say when they hear a female sports broadcaster: https://t.co/PCvLe7zVEF",0.0,33
09/18/2017,The New York Times,0.694,0.204,"What President Trump says, whom he may offend, please or surprise and how other international leaders react https://t.co/mKnSjdwYfL",0.296,32
09/18/2017,The New York Times,0.737,0.058,"Early one morning in 1983, Stanislav Petrov helped to prevent the outbreak of nuclear war https://t.co/JU55dC0iOF",-0.5859,31
09/18/2017,The New York Times,1.0,0.0,These white giraffes display the characteristics of a genetic condition which occurs across the animal kingdom https://t.co/Q7gIIDA4yb,0.0,30
09/18/2017,The New York Times,0.586,0.0,At least 3 people were killed and more than a dozen were injured in a bus crash in Flushing https://t.co/rlS4y35QCw,-0.872,29
09/18/2017,The New York Times,1.0,0.0,Morning¬†Briefing: Here's what you need to know to start your day https://t.co/UltOYO6fdt https://t.co/zjXZaSFGd7,0.0,28
09/18/2017,The New York Times,0.618,0.0,Many on Twitter condemned Trump's promotion of violent imagery toward Hillary Clinton https://t.co/0aiDr9cgwy,-0.7783,27
09/18/2017,The New York Times,0.567,0.433,A complete list of winners of the 2017 Emmy Awards https://t.co/SSoI697pH2,0.7269,26
09/18/2017,The New York Times,0.711,0.289,RT @nytopinion: Nigel Farage on Donald Trump's takeover of the Republican Party: ‚ÄúIt‚Äôs a complete hijack and I love it.‚Äù https://t.co/msYmV‚Ä¶,0.7845,25
09/18/2017,The New York Times,0.625,0.0,An angry confrontation. Fears of recordings. Trump‚Äôs lawyers are clashing over cooperating with the Russia inquiry. https://t.co/KE9SudjL7d,-0.8126,24
09/18/2017,The New York Times,1.0,0.0,Last week the California Legislature passed 15 housing bills in an attempt to tame the state's cost of living https://t.co/EF6t7PwQT4,0.0,23
09/18/2017,The New York Times,1.0,0.0,Rolling Stone is going up for sale https://t.co/XouenRPiU2,0.0,22
09/18/2017,The New York Times,0.692,0.0,Some Emmy viewers were not interested in laughing along with Sean Spicer https://t.co/gf3Qfl1gi6,-0.5975,21
09/18/2017,The New York Times,0.593,0.207,"The United Nations explained: Its purpose, power and problems https://t.co/83aFIF9wtI",0.0258,20
09/18/2017,The New York Times,0.716,0.146,"Opinion: ""In Trump's eyes, Barack Obama wasn't simply a bad president, he was illegitimate and inferior"" https://t.co/8MbA5Vtmh1",0.0387,19
09/18/2017,The New York Times,1.0,0.0,Morning¬†Briefing: Here's what you need to know to start your day https://t.co/eEvk7Ju6gN https://t.co/1AvvbaJKtR,0.0,18
09/18/2017,The New York Times,0.682,0.318,Which of these countries has the best health system? https://t.co/P23gIFPHR7,0.6369,17
09/18/2017,The New York Times,1.0,0.0,The Emmys figured out how to handle Trump https://t.co/Sbzj8S0XQc,0.0,16
09/18/2017,The New York Times,0.675,0.084,Hundreds of people protested in St. Louis after a former police officer who fatally shot a black man was acquitted https://t.co/9o0qEYvW3B,-0.5719,15
09/18/2017,The New York Times,1.0,0.0,Facebook knows more about Russia's election meddling. Shouldn‚Äôt we? https://t.co/lN6iFCNkZQ,0.0,14
09/18/2017,The New York Times,0.769,0.231,President Trump's legal team is wrestling with how much to cooperate with the special counsel https://t.co/tKwBylaNVa,0.4939,13
09/18/2017,The New York Times,1.0,0.0,A transcript of Stephen Colbert's Emmys opening monologue https://t.co/LJ2CiAcbQ8,0.0,12
09/18/2017,The New York Times,1.0,0.0,The impossible bind of sheriffs navigating Trump's immigration crackdown https://t.co/4QZ2KFd2Xb,0.0,11
09/18/2017,The New York Times,0.723,0.0,"Despite warnings, there is no evidence that Washington ever moved with urgency to cut off N.Korea's access to a fuel https://t.co/cYfjCrhekn",-0.6705,10
09/18/2017,The New York Times,1.0,0.0,Morning¬†Briefing: Here's what you need to know to start your day https://t.co/BjGTKcBpM4 https://t.co/T5xG1bl05Q,0.0,9
09/18/2017,The New York Times,0.847,0.0,Some accuse Italy of paying off Libya's most rapacious warlords https://t.co/0I9QupW8qe,-0.2023,8
09/18/2017,The New York Times,1.0,0.0,The radicalization of a new generation of Rohingya adds fuel to an already combustible situation in Myanmar https://t.co/TpgKcGDjrz,0.0,7
09/18/2017,The New York Times,0.844,0.156,RT @nytimesworld: Pakistan's former prime minister was thrown out seven weeks ago. His wife won his assembly seat on Sunday. https://t.co/d‚Ä¶,0.5719,6
09/18/2017,The New York Times,1.0,0.0,"President Trump, Emmy punching bag https://t.co/0ZhyqQ8QgN",0.0,5
09/18/2017,The New York Times,0.751,0.0,"A location scout for the Netflix series ""Narcos"" was found shot dead in Mexico https://t.co/yCP6MkTXYK",-0.6486,4
09/18/2017,The New York Times,0.692,0.0,Some Emmy viewers were not interested in laughing along with Sean Spicer https://t.co/WWrshUHeWy,-0.5975,3
09/18/2017,The New York Times,0.833,0.0,Four American college students were attacked with acid by a woman at a train station in Marseille https://t.co/bsRYsGSyfc,-0.4588,2
09/18/2017,The New York Times,0.694,0.0,"After 50 years, Rolling Stone is bowing to the pressures of a troubled industry https://t.co/tCPQqD99Uu",-0.6486,1
